row_type,seed,sample_index,background_objects,corruption,total_objects,corrupted_objects,identity_recall,semantic_identity_consistency,relation_precision,relation_recall,frontier_recall,selected_k,objectification_score,identity_coverage_report,relation_validity_report,object_confidence_report,relation_confidence_report,delta_locality_report,sample_count
sample,11,0,32,clean,36,36,1.000000,1.000000,1.000000,1.000000,1.000000,4,0.943778,1.000000,1.000000,0.990000,0.728889,1.000000,1
sample,11,0,32,drop_relations_heavy,36,36,1.000000,1.000000,1.000000,0.916667,0.500000,2,0.939697,1.000000,1.000000,0.990000,0.708485,1.000000,1
sample,11,0,32,drop_objects_light,36,30,0.833333,0.833333,1.000000,0.833333,1.000000,4,0.944933,1.000000,1.000000,0.990000,0.734667,1.000000,1
sample,11,0,32,position_noise,36,36,1.000000,0.722222,1.000000,1.000000,1.000000,4,0.943778,1.000000,1.000000,0.990000,0.728889,1.000000,1
sample,11,0,32,low_confidence,36,36,1.000000,1.000000,1.000000,1.000000,1.000000,4,0.789078,1.000000,1.000000,0.544500,0.400889,1.000000,1
sample,11,0,32,identity_swap,36,36,1.000000,0.944444,1.000000,1.000000,1.000000,4,0.943778,1.000000,1.000000,0.990000,0.728889,1.000000,1
sample,11,0,32,combined,36,33,0.916667,0.861111,1.000000,0.888889,0.750000,3,0.839925,1.000000,1.000000,0.693000,0.506625,1.000000,1
sample,11,1,32,clean,37,37,1.000000,1.000000,1.000000,1.000000,1.000000,5,0.944865,1.000000,1.000000,0.990000,0.734324,1.000000,1
sample,11,1,32,drop_relations_heavy,37,37,1.000000,1.000000,1.000000,0.945946,0.800000,4,0.942114,1.000000,1.000000,0.990000,0.720571,1.000000,1
sample,11,1,32,drop_objects_light,37,31,0.837838,0.837838,1.000000,0.810811,0.600000,3,0.941400,1.000000,1.000000,0.990000,0.717000,1.000000,1
sample,11,1,32,position_noise,37,37,1.000000,0.567568,1.000000,1.000000,1.000000,5,0.944865,1.000000,1.000000,0.990000,0.734324,1.000000,1
sample,11,1,32,low_confidence,37,37,1.000000,1.000000,1.000000,1.000000,1.000000,5,0.789676,1.000000,1.000000,0.544500,0.403878,1.000000,1
sample,11,1,32,identity_swap,37,37,1.000000,0.945946,1.000000,1.000000,1.000000,5,0.944865,1.000000,1.000000,0.990000,0.734324,1.000000,1
sample,11,1,32,combined,37,32,0.864865,0.864865,1.000000,0.837838,0.600000,3,0.838903,1.000000,1.000000,0.693000,0.501516,1.000000,1
sample,11,2,32,clean,36,36,1.000000,1.000000,1.000000,1.000000,1.000000,4,0.943778,1.000000,1.000000,0.990000,0.728889,1.000000,1
sample,11,2,32,drop_relations_heavy,36,36,1.000000,1.000000,1.000000,0.944444,0.750000,3,0.941176,1.000000,1.000000,0.990000,0.715882,1.000000,1
sample,11,2,32,drop_objects_light,36,31,0.861111,0.861111,1.000000,0.861111,1.000000,4,0.944710,1.000000,1.000000,0.990000,0.733548,1.000000,1
sample,11,2,32,position_noise,36,36,1.000000,0.611111,1.000000,1.000000,1.000000,4,0.943778,1.000000,1.000000,0.990000,0.728889,1.000000,1
sample,11,2,32,low_confidence,36,36,1.000000,1.000000,1.000000,1.000000,1.000000,4,0.789078,1.000000,1.000000,0.544500,0.400889,1.000000,1
sample,11,2,32,identity_swap,36,36,1.000000,0.944444,1.000000,1.000000,1.000000,4,0.943778,1.000000,1.000000,0.990000,0.728889,1.000000,1
sample,11,2,32,combined,36,32,0.888889,0.833333,1.000000,0.833333,0.750000,3,0.838887,1.000000,1.000000,0.693000,0.501433,1.000000,1
sample,11,3,32,clean,36,36,1.000000,1.000000,1.000000,1.000000,1.000000,4,0.943778,1.000000,1.000000,0.990000,0.728889,1.000000,1
sample,11,3,32,drop_relations_heavy,36,36,1.000000,1.000000,1.000000,0.944444,0.750000,3,0.940882,1.000000,1.000000,0.990000,0.714412,1.000000,1
sample,11,3,32,drop_objects_light,36,31,0.861111,0.861111,1.000000,0.861111,0.750000,3,0.943032,1.000000,1.000000,0.990000,0.725161,1.000000,1
sample,11,3,32,position_noise,36,36,1.000000,0.694444,1.000000,1.000000,1.000000,4,0.943778,1.000000,1.000000,0.990000,0.728889,1.000000,1
sample,11,3,32,low_confidence,36,36,1.000000,1.000000,1.000000,1.000000,1.000000,4,0.789078,1.000000,1.000000,0.544500,0.400889,1.000000,1
sample,11,3,32,identity_swap,36,36,1.000000,0.944444,1.000000,1.000000,1.000000,4,0.943778,1.000000,1.000000,0.990000,0.728889,1.000000,1
sample,11,3,32,combined,36,33,0.916667,0.888889,1.000000,0.916667,0.750000,3,0.839909,1.000000,1.000000,0.693000,0.506545,1.000000,1
sample,11,4,32,clean,37,37,1.000000,1.000000,1.000000,1.000000,1.000000,5,0.944865,1.000000,1.000000,0.990000,0.734324,1.000000,1
sample,11,4,32,drop_relations_heavy,37,37,1.000000,1.000000,1.000000,0.891892,0.400000,2,0.939394,1.000000,1.000000,0.990000,0.706970,1.000000,1
sample,11,4,32,drop_objects_light,37,33,0.891892,0.891892,1.000000,0.891892,0.800000,4,0.944121,1.000000,1.000000,0.990000,0.730606,1.000000,1
sample,11,4,32,position_noise,37,37,1.000000,0.702703,1.000000,1.000000,1.000000,5,0.944865,1.000000,1.000000,0.990000,0.734324,1.000000,1
sample,11,4,32,low_confidence,37,37,1.000000,1.000000,1.000000,1.000000,1.000000,5,0.789676,1.000000,1.000000,0.544500,0.403878,1.000000,1
sample,11,4,32,identity_swap,37,37,1.000000,0.945946,1.000000,1.000000,1.000000,5,0.944865,1.000000,1.000000,0.990000,0.734324,1.000000,1
sample,11,4,32,combined,37,34,0.918919,0.918919,1.000000,0.891892,0.600000,3,0.839697,1.000000,1.000000,0.693000,0.505485,1.000000,1
sample,11,5,32,clean,37,37,1.000000,1.000000,1.000000,1.000000,1.000000,5,0.944865,1.000000,1.000000,0.990000,0.734324,1.000000,1
sample,11,5,32,drop_relations_heavy,37,37,1.000000,1.000000,1.000000,0.918919,0.600000,3,0.941000,1.000000,1.000000,0.990000,0.715000,1.000000,1
sample,11,5,32,drop_objects_light,37,26,0.702703,0.702703,1.000000,0.702703,0.800000,4,0.946000,1.000000,1.000000,0.990000,0.740000,1.000000,1
sample,11,5,32,position_noise,37,37,1.000000,0.783784,1.000000,1.000000,1.000000,5,0.944865,1.000000,1.000000,0.990000,0.734324,1.000000,1
sample,11,5,32,low_confidence,37,37,1.000000,1.000000,1.000000,1.000000,1.000000,5,0.789676,1.000000,1.000000,0.544500,0.403878,1.000000,1
sample,11,5,32,identity_swap,37,37,1.000000,0.945946,1.000000,1.000000,1.000000,5,0.944865,1.000000,1.000000,0.990000,0.734324,1.000000,1
sample,11,5,32,combined,37,29,0.783784,0.702703,1.000000,0.729730,0.400000,2,0.839193,1.000000,1.000000,0.693000,0.502963,1.000000,1
sample,11,6,32,clean,37,37,1.000000,1.000000,1.000000,1.000000,1.000000,5,0.944865,1.000000,1.000000,0.990000,0.734324,1.000000,1
sample,11,6,32,drop_relations_heavy,37,37,1.000000,1.000000,1.000000,0.972973,0.800000,4,0.943500,1.000000,1.000000,0.990000,0.727500,1.000000,1
sample,11,6,32,drop_objects_light,37,33,0.891892,0.891892,1.000000,0.891892,1.000000,5,0.945697,1.000000,1.000000,0.990000,0.738485,1.000000,1
sample,11,6,32,position_noise,37,37,1.000000,0.567568,1.000000,1.000000,1.000000,5,0.944865,1.000000,1.000000,0.990000,0.734324,1.000000,1
sample,11,6,32,low_confidence,37,37,1.000000,1.000000,1.000000,1.000000,1.000000,5,0.789676,1.000000,1.000000,0.544500,0.403878,1.000000,1
sample,11,6,32,identity_swap,37,37,1.000000,0.945946,1.000000,1.000000,1.000000,5,0.944865,1.000000,1.000000,0.990000,0.734324,1.000000,1
sample,11,6,32,combined,37,33,0.891892,0.837838,1.000000,0.864865,1.000000,5,0.840975,1.000000,1.000000,0.693000,0.511875,1.000000,1
sample,11,7,32,clean,37,37,1.000000,1.000000,1.000000,1.000000,1.000000,5,0.944865,1.000000,1.000000,0.990000,0.734324,1.000000,1
sample,11,7,32,drop_relations_heavy,37,37,1.000000,1.000000,1.000000,0.945946,0.800000,4,0.942400,1.000000,1.000000,0.990000,0.722000,1.000000,1
sample,11,7,32,drop_objects_light,37,35,0.945946,0.945946,1.000000,0.945946,1.000000,5,0.945257,1.000000,1.000000,0.990000,0.736286,1.000000,1
sample,11,7,32,position_noise,37,37,1.000000,0.675676,1.000000,1.000000,1.000000,5,0.944865,1.000000,1.000000,0.990000,0.734324,1.000000,1
sample,11,7,32,low_confidence,37,37,1.000000,1.000000,1.000000,1.000000,1.000000,5,0.789676,1.000000,1.000000,0.544500,0.403878,1.000000,1
sample,11,7,32,identity_swap,37,37,1.000000,0.945946,1.000000,1.000000,1.000000,5,0.944865,1.000000,1.000000,0.990000,0.734324,1.000000,1
sample,11,7,32,combined,37,35,0.945946,0.864865,1.000000,0.837838,0.400000,2,0.837774,1.000000,1.000000,0.693000,0.495871,1.000000,1
sample,11,8,32,clean,36,36,1.000000,1.000000,1.000000,1.000000,1.000000,4,0.943778,1.000000,1.000000,0.990000,0.728889,1.000000,1
sample,11,8,32,drop_relations_heavy,36,36,1.000000,1.000000,1.000000,0.944444,0.750000,3,0.941176,1.000000,1.000000,0.990000,0.715882,1.000000,1
sample,11,8,32,drop_objects_light,36,28,0.777778,0.777778,1.000000,0.777778,1.000000,4,0.945429,1.000000,1.000000,0.990000,0.737143,1.000000,1
sample,11,8,32,position_noise,36,36,1.000000,0.694444,1.000000,1.000000,1.000000,4,0.943778,1.000000,1.000000,0.990000,0.728889,1.000000,1
sample,11,8,32,low_confidence,36,36,1.000000,1.000000,1.000000,1.000000,1.000000,4,0.789078,1.000000,1.000000,0.544500,0.400889,1.000000,1
sample,11,8,32,identity_swap,36,36,1.000000,0.944444,1.000000,1.000000,1.000000,4,0.943778,1.000000,1.000000,0.990000,0.728889,1.000000,1
sample,11,8,32,combined,36,31,0.861111,0.833333,1.000000,0.861111,1.000000,4,0.841297,1.000000,1.000000,0.693000,0.513484,1.000000,1
sample,11,9,32,clean,36,36,1.000000,1.000000,1.000000,1.000000,1.000000,4,0.943778,1.000000,1.000000,0.990000,0.728889,1.000000,1
sample,11,9,32,drop_relations_heavy,36,36,1.000000,1.000000,1.000000,0.888889,0.250000,1,0.938000,1.000000,1.000000,0.990000,0.700000,1.000000,1
sample,11,9,32,drop_objects_light,36,29,0.805556,0.805556,1.000000,0.805556,1.000000,4,0.945172,1.000000,1.000000,0.990000,0.735862,1.000000,1
sample,11,9,32,position_noise,36,36,1.000000,0.638889,1.000000,1.000000,1.000000,4,0.943778,1.000000,1.000000,0.990000,0.728889,1.000000,1
sample,11,9,32,low_confidence,36,36,1.000000,1.000000,1.000000,1.000000,1.000000,4,0.789078,1.000000,1.000000,0.544500,0.400889,1.000000,1
sample,11,9,32,identity_swap,36,36,1.000000,0.944444,1.000000,1.000000,1.000000,4,0.943778,1.000000,1.000000,0.990000,0.728889,1.000000,1
sample,11,9,32,combined,36,31,0.861111,0.861111,1.000000,0.777778,0.500000,2,0.837950,1.000000,1.000000,0.693000,0.496750,1.000000,1
sample,11,10,32,clean,36,36,1.000000,1.000000,1.000000,1.000000,1.000000,4,0.943778,1.000000,1.000000,0.990000,0.728889,1.000000,1
sample,11,10,32,drop_relations_heavy,36,36,1.000000,1.000000,1.000000,0.944444,0.750000,3,0.941176,1.000000,1.000000,0.990000,0.715882,1.000000,1
sample,11,10,32,drop_objects_light,36,31,0.861111,0.861111,1.000000,0.861111,1.000000,4,0.944710,1.000000,1.000000,0.990000,0.733548,1.000000,1
sample,11,10,32,position_noise,36,36,1.000000,0.750000,1.000000,1.000000,1.000000,4,0.943778,1.000000,1.000000,0.990000,0.728889,1.000000,1
sample,11,10,32,low_confidence,36,36,1.000000,1.000000,1.000000,1.000000,1.000000,4,0.789078,1.000000,1.000000,0.544500,0.400889,1.000000,1
sample,11,10,32,identity_swap,36,36,1.000000,0.944444,1.000000,1.000000,1.000000,4,0.943778,1.000000,1.000000,0.990000,0.728889,1.000000,1
sample,11,10,32,combined,36,31,0.861111,0.750000,1.000000,0.861111,1.000000,4,0.841297,1.000000,1.000000,0.693000,0.513484,1.000000,1
sample,11,11,32,clean,36,36,1.000000,1.000000,1.000000,1.000000,1.000000,4,0.943778,1.000000,1.000000,0.990000,0.728889,1.000000,1
sample,11,11,32,drop_relations_heavy,36,36,1.000000,1.000000,1.000000,0.972222,0.750000,3,0.942343,1.000000,1.000000,0.990000,0.721714,1.000000,1
sample,11,11,32,drop_objects_light,36,31,0.861111,0.861111,1.000000,0.833333,0.750000,3,0.941600,1.000000,1.000000,0.990000,0.718000,1.000000,1
sample,11,11,32,position_noise,36,36,1.000000,0.666667,1.000000,1.000000,1.000000,4,0.943778,1.000000,1.000000,0.990000,0.728889,1.000000,1
sample,11,11,32,low_confidence,36,36,1.000000,1.000000,1.000000,1.000000,1.000000,4,0.789078,1.000000,1.000000,0.544500,0.400889,1.000000,1
sample,11,11,32,identity_swap,36,36,1.000000,0.944444,1.000000,1.000000,1.000000,4,0.943778,1.000000,1.000000,0.990000,0.728889,1.000000,1
sample,11,11,32,combined,36,31,0.861111,0.861111,1.000000,0.833333,0.750000,3,0.839120,1.000000,1.000000,0.693000,0.502600,1.000000,1
sample,11,0,128,clean,132,132,1.000000,1.000000,1.000000,1.000000,1.000000,4,0.939576,1.000000,1.000000,0.990000,0.707879,1.000000,1
sample,11,0,128,drop_relations_heavy,132,132,1.000000,1.000000,1.000000,0.977273,0.500000,2,0.938357,1.000000,1.000000,0.990000,0.701783,1.000000,1
sample,11,0,128,drop_objects_light,132,106,0.803030,0.803030,1.000000,0.795455,0.500000,2,0.938533,1.000000,1.000000,0.990000,0.702667,1.000000,1
sample,11,0,128,position_noise,132,132,1.000000,0.651515,1.000000,1.000000,1.000000,4,0.939576,1.000000,1.000000,0.990000,0.707879,1.000000,1
sample,11,0,128,low_confidence,132,132,1.000000,1.000000,1.000000,1.000000,1.000000,4,0.786767,1.000000,1.000000,0.544500,0.389333,1.000000,1
sample,11,0,128,identity_swap,132,132,1.000000,0.984848,1.000000,1.000000,1.000000,4,0.939576,1.000000,1.000000,0.990000,0.707879,1.000000,1
sample,11,0,128,combined,132,110,0.833333,0.825758,1.000000,0.818182,0.250000,1,0.836600,1.000000,1.000000,0.693000,0.490000,1.000000,1
sample,11,1,128,clean,133,133,1.000000,1.000000,1.000000,1.000000,1.000000,5,0.939910,1.000000,1.000000,0.990000,0.709549,1.000000,1
sample,11,1,128,drop_relations_heavy,133,133,1.000000,1.000000,1.000000,0.992481,1.000000,5,0.939515,1.000000,1.000000,0.990000,0.707576,1.000000,1
sample,11,1,128,drop_objects_light,133,108,0.812030,0.812030,1.000000,0.812030,0.800000,4,0.939870,1.000000,1.000000,0.990000,0.709352,1.000000,1
sample,11,1,128,position_noise,133,133,1.000000,0.774436,1.000000,1.000000,1.000000,5,0.939910,1.000000,1.000000,0.990000,0.709549,1.000000,1
sample,11,1,128,low_confidence,133,133,1.000000,1.000000,1.000000,1.000000,1.000000,5,0.786950,1.000000,1.000000,0.544500,0.390252,1.000000,1
sample,11,1,128,identity_swap,133,133,1.000000,0.984962,1.000000,1.000000,1.000000,5,0.939910,1.000000,1.000000,0.990000,0.709549,1.000000,1
sample,11,1,128,combined,133,110,0.827068,0.812030,1.000000,0.819549,0.600000,3,0.837538,1.000000,1.000000,0.693000,0.494688,1.000000,1
sample,11,2,128,clean,132,132,1.000000,1.000000,1.000000,1.000000,1.000000,4,0.939576,1.000000,1.000000,0.990000,0.707879,1.000000,1
sample,11,2,128,drop_relations_heavy,132,132,1.000000,1.000000,1.000000,0.969697,0.250000,1,0.938000,1.000000,1.000000,0.990000,0.700000,1.000000,1
sample,11,2,128,drop_objects_light,132,106,0.803030,0.803030,1.000000,0.803030,1.000000,4,0.939962,1.000000,1.000000,0.990000,0.709811,1.000000,1
sample,11,2,128,position_noise,132,132,1.000000,0.712121,1.000000,1.000000,1.000000,4,0.939576,1.000000,1.000000,0.990000,0.707879,1.000000,1
sample,11,2,128,low_confidence,132,132,1.000000,1.000000,1.000000,1.000000,1.000000,4,0.786767,1.000000,1.000000,0.544500,0.389333,1.000000,1
sample,11,2,128,identity_swap,132,132,1.000000,0.984848,1.000000,1.000000,1.000000,4,0.939576,1.000000,1.000000,0.990000,0.707879,1.000000,1
sample,11,2,128,combined,132,112,0.848485,0.818182,1.000000,0.848485,1.000000,4,0.837900,1.000000,1.000000,0.693000,0.496500,1.000000,1
sample,11,3,128,clean,132,132,1.000000,1.000000,1.000000,1.000000,1.000000,4,0.939576,1.000000,1.000000,0.990000,0.707879,1.000000,1
sample,11,3,128,drop_relations_heavy,132,132,1.000000,1.000000,1.000000,0.969697,0.250000,1,0.938000,1.000000,1.000000,0.990000,0.700000,1.000000,1
sample,11,3,128,drop_objects_light,132,92,0.696970,0.696970,1.000000,0.689394,0.500000,2,0.938615,1.000000,1.000000,0.990000,0.703077,1.000000,1
sample,11,3,128,position_noise,132,132,1.000000,0.681818,1.000000,1.000000,1.000000,4,0.939576,1.000000,1.000000,0.990000,0.707879,1.000000,1
sample,11,3,128,low_confidence,132,132,1.000000,1.000000,1.000000,1.000000,1.000000,4,0.786767,1.000000,1.000000,0.544500,0.389333,1.000000,1
sample,11,3,128,identity_swap,132,132,1.000000,0.984848,1.000000,1.000000,1.000000,4,0.939576,1.000000,1.000000,0.990000,0.707879,1.000000,1
sample,11,3,128,combined,132,100,0.757576,0.750000,1.000000,0.742424,0.500000,2,0.836971,1.000000,1.000000,0.693000,0.491857,1.000000,1
sample,11,4,128,clean,133,133,1.000000,1.000000,1.000000,1.000000,1.000000,5,0.939910,1.000000,1.000000,0.990000,0.709549,1.000000,1
sample,11,4,128,drop_relations_heavy,133,133,1.000000,1.000000,1.000000,0.977444,0.600000,3,0.938846,1.000000,1.000000,0.990000,0.704231,1.000000,1
sample,11,4,128,drop_objects_light,133,107,0.804511,0.804511,1.000000,0.804511,1.000000,5,0.940374,1.000000,1.000000,0.990000,0.711869,1.000000,1
sample,11,4,128,position_noise,133,133,1.000000,0.676692,1.000000,1.000000,1.000000,5,0.939910,1.000000,1.000000,0.990000,0.709549,1.000000,1
sample,11,4,128,low_confidence,133,133,1.000000,1.000000,1.000000,1.000000,1.000000,5,0.786950,1.000000,1.000000,0.544500,0.390252,1.000000,1
sample,11,4,128,identity_swap,133,133,1.000000,0.984962,1.000000,1.000000,1.000000,5,0.939910,1.000000,1.000000,0.990000,0.709549,1.000000,1
sample,11,4,128,combined,133,114,0.857143,0.819549,1.000000,0.842105,0.600000,3,0.837513,1.000000,1.000000,0.693000,0.494562,1.000000,1
sample,11,5,128,clean,133,133,1.000000,1.000000,1.000000,1.000000,1.000000,5,0.939910,1.000000,1.000000,0.990000,0.709549,1.000000,1
sample,11,5,128,drop_relations_heavy,133,133,1.000000,1.000000,1.000000,0.962406,0.200000,1,0.938000,1.000000,1.000000,0.990000,0.700000,1.000000,1
sample,11,5,128,drop_objects_light,133,105,0.789474,0.789474,1.000000,0.789474,0.800000,4,0.939924,1.000000,1.000000,0.990000,0.709619,1.000000,1
sample,11,5,128,position_noise,133,133,1.000000,0.676692,1.000000,1.000000,1.000000,5,0.939910,1.000000,1.000000,0.990000,0.709549,1.000000,1
sample,11,5,128,low_confidence,133,133,1.000000,1.000000,1.000000,1.000000,1.000000,5,0.786950,1.000000,1.000000,0.544500,0.390252,1.000000,1
sample,11,5,128,identity_swap,133,133,1.000000,0.984962,1.000000,1.000000,1.000000,5,0.939910,1.000000,1.000000,0.990000,0.709549,1.000000,1
sample,11,5,128,combined,133,113,0.849624,0.819549,1.000000,0.842105,0.800000,4,0.837575,1.000000,1.000000,0.693000,0.494875,1.000000,1
sample,11,6,128,clean,133,133,1.000000,1.000000,1.000000,1.000000,1.000000,5,0.939910,1.000000,1.000000,0.990000,0.709549,1.000000,1
sample,11,6,128,drop_relations_heavy,133,133,1.000000,1.000000,1.000000,0.977444,0.600000,3,0.938785,1.000000,1.000000,0.990000,0.703923,1.000000,1
sample,11,6,128,drop_objects_light,133,101,0.759398,0.759398,1.000000,0.759398,1.000000,5,0.940515,1.000000,1.000000,0.990000,0.712574,1.000000,1
sample,11,6,128,position_noise,133,133,1.000000,0.691729,1.000000,1.000000,1.000000,5,0.939910,1.000000,1.000000,0.990000,0.709549,1.000000,1
sample,11,6,128,low_confidence,133,133,1.000000,1.000000,1.000000,1.000000,1.000000,5,0.786950,1.000000,1.000000,0.544500,0.390252,1.000000,1
sample,11,6,128,identity_swap,133,133,1.000000,0.984962,1.000000,1.000000,1.000000,5,0.939910,1.000000,1.000000,0.990000,0.709549,1.000000,1
sample,11,6,128,combined,133,108,0.812030,0.789474,1.000000,0.796992,0.800000,4,0.837670,1.000000,1.000000,0.693000,0.495349,1.000000,1
sample,11,7,128,clean,133,133,1.000000,1.000000,1.000000,1.000000,1.000000,5,0.939910,1.000000,1.000000,0.990000,0.709549,1.000000,1
sample,11,7,128,drop_relations_heavy,133,133,1.000000,1.000000,1.000000,0.977444,0.600000,3,0.938769,1.000000,1.000000,0.990000,0.703846,1.000000,1
sample,11,7,128,drop_objects_light,133,106,0.796992,0.796992,1.000000,0.796992,0.800000,4,0.939962,1.000000,1.000000,0.990000,0.709811,1.000000,1
sample,11,7,128,position_noise,133,133,1.000000,0.654135,1.000000,1.000000,1.000000,5,0.939910,1.000000,1.000000,0.990000,0.709549,1.000000,1
sample,11,7,128,low_confidence,133,133,1.000000,1.000000,1.000000,1.000000,1.000000,5,0.786950,1.000000,1.000000,0.544500,0.390252,1.000000,1
sample,11,7,128,identity_swap,133,133,1.000000,0.984962,1.000000,1.000000,1.000000,5,0.939910,1.000000,1.000000,0.990000,0.709549,1.000000,1
sample,11,7,128,combined,133,112,0.842105,0.812030,1.000000,0.834586,0.800000,4,0.837622,1.000000,1.000000,0.693000,0.495108,1.000000,1
sample,11,8,128,clean,132,132,1.000000,1.000000,1.000000,1.000000,1.000000,4,0.939576,1.000000,1.000000,0.990000,0.707879,1.000000,1
sample,11,8,128,drop_relations_heavy,132,132,1.000000,1.000000,1.000000,0.992424,0.750000,3,0.939191,1.000000,1.000000,0.990000,0.705954,1.000000,1
sample,11,8,128,drop_objects_light,132,111,0.840909,0.840909,1.000000,0.840909,1.000000,4,0.939874,1.000000,1.000000,0.990000,0.709369,1.000000,1
sample,11,8,128,position_noise,132,132,1.000000,0.636364,1.000000,1.000000,1.000000,4,0.939576,1.000000,1.000000,0.990000,0.707879,1.000000,1
sample,11,8,128,low_confidence,132,132,1.000000,1.000000,1.000000,1.000000,1.000000,4,0.786767,1.000000,1.000000,0.544500,0.389333,1.000000,1
sample,11,8,128,identity_swap,132,132,1.000000,0.984848,1.000000,1.000000,1.000000,4,0.939576,1.000000,1.000000,0.990000,0.707879,1.000000,1
sample,11,8,128,combined,132,120,0.909091,0.886364,1.000000,0.901515,1.000000,4,0.837506,1.000000,1.000000,0.693000,0.494529,1.000000,1
sample,11,9,128,clean,132,132,1.000000,1.000000,1.000000,1.000000,1.000000,4,0.939576,1.000000,1.000000,0.990000,0.707879,1.000000,1
sample,11,9,128,drop_relations_heavy,132,132,1.000000,1.000000,1.000000,0.984848,0.750000,3,0.938785,1.000000,1.000000,0.990000,0.703923,1.000000,1
sample,11,9,128,drop_objects_light,132,120,0.909091,0.909091,1.000000,0.909091,0.750000,3,0.939300,1.000000,1.000000,0.990000,0.706500,1.000000,1
sample,11,9,128,position_noise,132,132,1.000000,0.666667,1.000000,1.000000,1.000000,4,0.939576,1.000000,1.000000,0.990000,0.707879,1.000000,1
sample,11,9,128,low_confidence,132,132,1.000000,1.000000,1.000000,1.000000,1.000000,4,0.786767,1.000000,1.000000,0.544500,0.389333,1.000000,1
sample,11,9,128,identity_swap,132,132,1.000000,0.984848,1.000000,1.000000,1.000000,4,0.939576,1.000000,1.000000,0.990000,0.707879,1.000000,1
sample,11,9,128,combined,132,121,0.916667,0.886364,1.000000,0.909091,0.750000,3,0.837242,1.000000,1.000000,0.693000,0.493208,1.000000,1
sample,11,10,128,clean,132,132,1.000000,1.000000,1.000000,1.000000,1.000000,4,0.939576,1.000000,1.000000,0.990000,0.707879,1.000000,1
sample,11,10,128,drop_relations_heavy,132,132,1.000000,1.000000,1.000000,0.977273,0.500000,2,0.938434,1.000000,1.000000,0.990000,0.702171,1.000000,1
sample,11,10,128,drop_objects_light,132,117,0.886364,0.886364,1.000000,0.886364,1.000000,4,0.939778,1.000000,1.000000,0.990000,0.708889,1.000000,1
sample,11,10,128,position_noise,132,132,1.000000,0.765152,1.000000,1.000000,1.000000,4,0.939576,1.000000,1.000000,0.990000,0.707879,1.000000,1
sample,11,10,128,low_confidence,132,132,1.000000,1.000000,1.000000,1.000000,1.000000,4,0.786767,1.000000,1.000000,0.544500,0.389333,1.000000,1
sample,11,10,128,identity_swap,132,132,1.000000,0.984848,1.000000,1.000000,1.000000,4,0.939576,1.000000,1.000000,0.990000,0.707879,1.000000,1
sample,11,10,128,combined,132,119,0.901515,0.893939,1.000000,0.901515,1.000000,4,0.837824,1.000000,1.000000,0.693000,0.496118,1.000000,1
sample,11,11,128,clean,132,132,1.000000,1.000000,1.000000,1.000000,1.000000,4,0.939576,1.000000,1.000000,0.990000,0.707879,1.000000,1
sample,11,11,128,drop_relations_heavy,132,132,1.000000,1.000000,1.000000,0.977273,0.500000,2,0.938357,1.000000,1.000000,0.990000,0.701783,1.000000,1
sample,11,11,128,drop_objects_light,132,101,0.765152,0.765152,1.000000,0.765152,1.000000,4,0.940059,1.000000,1.000000,0.990000,0.710297,1.000000,1
sample,11,11,128,position_noise,132,132,1.000000,0.651515,1.000000,1.000000,1.000000,4,0.939576,1.000000,1.000000,0.990000,0.707879,1.000000,1
sample,11,11,128,low_confidence,132,132,1.000000,1.000000,1.000000,1.000000,1.000000,4,0.786767,1.000000,1.000000,0.544500,0.389333,1.000000,1
sample,11,11,128,identity_swap,132,132,1.000000,0.984848,1.000000,1.000000,1.000000,4,0.939576,1.000000,1.000000,0.990000,0.707879,1.000000,1
sample,11,11,128,combined,132,111,0.840909,0.787879,1.000000,0.833333,0.750000,3,0.837593,1.000000,1.000000,0.693000,0.494964,1.000000,1
sample,11,0,512,clean,516,516,1.000000,1.000000,1.000000,1.000000,1.000000,4,0.938403,1.000000,1.000000,0.990000,0.702016,1.000000,1
sample,11,0,512,drop_relations_heavy,516,516,1.000000,1.000000,1.000000,0.994186,0.500000,2,0.938090,1.000000,1.000000,0.990000,0.700448,1.000000,1
sample,11,0,512,drop_objects_light,516,416,0.806202,0.806202,1.000000,0.806202,1.000000,4,0.938500,1.000000,1.000000,0.990000,0.702500,1.000000,1
sample,11,0,512,position_noise,516,516,1.000000,0.720930,1.000000,1.000000,1.000000,4,0.938403,1.000000,1.000000,0.990000,0.702016,1.000000,1
sample,11,0,512,low_confidence,516,516,1.000000,1.000000,1.000000,1.000000,1.000000,4,0.786122,1.000000,1.000000,0.544500,0.386109,1.000000,1
sample,11,0,512,identity_swap,516,516,1.000000,0.996124,1.000000,1.000000,1.000000,4,0.938403,1.000000,1.000000,0.990000,0.702016,1.000000,1
sample,11,0,512,combined,516,437,0.846899,0.817829,1.000000,0.844961,1.000000,4,0.836847,1.000000,1.000000,0.693000,0.491236,1.000000,1
sample,11,1,512,clean,517,517,1.000000,1.000000,1.000000,1.000000,1.000000,5,0.938491,1.000000,1.000000,0.990000,0.702456,1.000000,1
sample,11,1,512,drop_relations_heavy,517,517,1.000000,1.000000,1.000000,0.994197,0.600000,3,0.938206,1.000000,1.000000,0.990000,0.701031,1.000000,1
sample,11,1,512,drop_objects_light,517,407,0.787234,0.787234,1.000000,0.787234,1.000000,5,0.938624,1.000000,1.000000,0.990000,0.703120,1.000000,1
sample,11,1,512,position_noise,517,517,1.000000,0.649903,1.000000,1.000000,1.000000,5,0.938491,1.000000,1.000000,0.990000,0.702456,1.000000,1
sample,11,1,512,low_confidence,517,517,1.000000,1.000000,1.000000,1.000000,1.000000,5,0.786170,1.000000,1.000000,0.544500,0.386351,1.000000,1
sample,11,1,512,identity_swap,517,517,1.000000,0.996132,1.000000,1.000000,1.000000,5,0.938491,1.000000,1.000000,0.990000,0.702456,1.000000,1
sample,11,1,512,combined,517,431,0.833656,0.806576,1.000000,0.829787,0.800000,4,0.836851,1.000000,1.000000,0.693000,0.491256,1.000000,1
sample,11,2,512,clean,516,516,1.000000,1.000000,1.000000,1.000000,1.000000,4,0.938403,1.000000,1.000000,0.990000,0.702016,1.000000,1
sample,11,2,512,drop_relations_heavy,516,516,1.000000,1.000000,1.000000,0.996124,0.750000,3,0.938198,1.000000,1.000000,0.990000,0.700992,1.000000,1
sample,11,2,512,drop_objects_light,516,405,0.784884,0.784884,1.000000,0.784884,0.750000,3,0.938385,1.000000,1.000000,0.990000,0.701926,1.000000,1
sample,11,2,512,position_noise,516,516,1.000000,0.670543,1.000000,1.000000,1.000000,4,0.938403,1.000000,1.000000,0.990000,0.702016,1.000000,1
sample,11,2,512,low_confidence,516,516,1.000000,1.000000,1.000000,1.000000,1.000000,4,0.786122,1.000000,1.000000,0.544500,0.386109,1.000000,1
sample,11,2,512,identity_swap,516,516,1.000000,0.996124,1.000000,1.000000,1.000000,4,0.938403,1.000000,1.000000,0.990000,0.702016,1.000000,1
sample,11,2,512,combined,516,428,0.829457,0.798450,1.000000,0.829457,0.750000,3,0.836855,1.000000,1.000000,0.693000,0.491276,1.000000,1
sample,11,3,512,clean,516,516,1.000000,1.000000,1.000000,1.000000,1.000000,4,0.938403,1.000000,1.000000,0.990000,0.702016,1.000000,1
sample,11,3,512,drop_relations_heavy,516,516,1.000000,1.000000,1.000000,0.996124,0.500000,2,0.938195,1.000000,1.000000,0.990000,0.700973,1.000000,1
sample,11,3,512,drop_objects_light,516,404,0.782946,0.782946,1.000000,0.782946,1.000000,4,0.938515,1.000000,1.000000,0.990000,0.702574,1.000000,1
sample,11,3,512,position_noise,516,516,1.000000,0.672481,1.000000,1.000000,1.000000,4,0.938403,1.000000,1.000000,0.990000,0.702016,1.000000,1
sample,11,3,512,low_confidence,516,516,1.000000,1.000000,1.000000,1.000000,1.000000,4,0.786122,1.000000,1.000000,0.544500,0.386109,1.000000,1
sample,11,3,512,identity_swap,516,516,1.000000,0.996124,1.000000,1.000000,1.000000,4,0.938403,1.000000,1.000000,0.990000,0.702016,1.000000,1
sample,11,3,512,combined,516,435,0.843023,0.806202,1.000000,0.841085,1.000000,4,0.836861,1.000000,1.000000,0.693000,0.491306,1.000000,1
sample,11,4,512,clean,517,517,1.000000,1.000000,1.000000,1.000000,1.000000,5,0.938491,1.000000,1.000000,0.990000,0.702456,1.000000,1
sample,11,4,512,drop_relations_heavy,517,517,1.000000,1.000000,1.000000,0.996132,0.800000,4,0.938299,1.000000,1.000000,0.990000,0.701495,1.000000,1
sample,11,4,512,drop_objects_light,517,398,0.769826,0.769826,1.000000,0.769826,0.800000,4,0.938508,1.000000,1.000000,0.990000,0.702538,1.000000,1
sample,11,4,512,position_noise,517,517,1.000000,0.705996,1.000000,1.000000,1.000000,5,0.938491,1.000000,1.000000,0.990000,0.702456,1.000000,1
sample,11,4,512,low_confidence,517,517,1.000000,1.000000,1.000000,1.000000,1.000000,5,0.786170,1.000000,1.000000,0.544500,0.386351,1.000000,1
sample,11,4,512,identity_swap,517,517,1.000000,0.996132,1.000000,1.000000,1.000000,5,0.938491,1.000000,1.000000,0.990000,0.702456,1.000000,1
sample,11,4,512,combined,517,425,0.822050,0.804642,1.000000,0.816248,0.400000,2,0.836676,1.000000,1.000000,0.693000,0.490382,1.000000,1
sample,11,5,512,clean,517,517,1.000000,1.000000,1.000000,1.000000,1.000000,5,0.938491,1.000000,1.000000,0.990000,0.702456,1.000000,1
sample,11,5,512,drop_relations_heavy,517,517,1.000000,1.000000,1.000000,0.994197,0.400000,2,0.938195,1.000000,1.000000,0.990000,0.700973,1.000000,1
sample,11,5,512,drop_objects_light,517,403,0.779497,0.779497,1.000000,0.779497,1.000000,5,0.938630,1.000000,1.000000,0.990000,0.703151,1.000000,1
sample,11,5,512,position_noise,517,517,1.000000,0.676983,1.000000,1.000000,1.000000,5,0.938491,1.000000,1.000000,0.990000,0.702456,1.000000,1
sample,11,5,512,low_confidence,517,517,1.000000,1.000000,1.000000,1.000000,1.000000,5,0.786170,1.000000,1.000000,0.544500,0.386351,1.000000,1
sample,11,5,512,identity_swap,517,517,1.000000,0.996132,1.000000,1.000000,1.000000,5,0.938491,1.000000,1.000000,0.990000,0.702456,1.000000,1
sample,11,5,512,combined,517,427,0.825919,0.796905,1.000000,0.822050,0.600000,3,0.836840,1.000000,1.000000,0.693000,0.491202,1.000000,1
sample,11,6,512,clean,517,517,1.000000,1.000000,1.000000,1.000000,1.000000,5,0.938491,1.000000,1.000000,0.990000,0.702456,1.000000,1
sample,11,6,512,drop_relations_heavy,517,517,1.000000,1.000000,1.000000,0.996132,0.600000,3,0.938283,1.000000,1.000000,0.990000,0.701417,1.000000,1
sample,11,6,512,drop_objects_light,517,400,0.773694,0.773694,1.000000,0.771760,0.800000,4,0.938386,1.000000,1.000000,0.990000,0.701930,1.000000,1
sample,11,6,512,position_noise,517,517,1.000000,0.692456,1.000000,1.000000,1.000000,5,0.938491,1.000000,1.000000,0.990000,0.702456,1.000000,1
sample,11,6,512,low_confidence,517,517,1.000000,1.000000,1.000000,1.000000,1.000000,5,0.786170,1.000000,1.000000,0.544500,0.386351,1.000000,1
sample,11,6,512,identity_swap,517,517,1.000000,0.996132,1.000000,1.000000,1.000000,5,0.938491,1.000000,1.000000,0.990000,0.702456,1.000000,1
sample,11,6,512,combined,517,432,0.835590,0.802708,1.000000,0.833656,0.800000,4,0.836938,1.000000,1.000000,0.693000,0.491689,1.000000,1
sample,11,7,512,clean,517,517,1.000000,1.000000,1.000000,1.000000,1.000000,5,0.938491,1.000000,1.000000,0.990000,0.702456,1.000000,1
sample,11,7,512,drop_relations_heavy,517,517,1.000000,1.000000,1.000000,0.994197,0.400000,2,0.938195,1.000000,1.000000,0.990000,0.700973,1.000000,1
sample,11,7,512,drop_objects_light,517,416,0.804642,0.804642,1.000000,0.804642,1.000000,5,0.938611,1.000000,1.000000,0.990000,0.703053,1.000000,1
sample,11,7,512,position_noise,517,517,1.000000,0.657640,1.000000,1.000000,1.000000,5,0.938491,1.000000,1.000000,0.990000,0.702456,1.000000,1
sample,11,7,512,low_confidence,517,517,1.000000,1.000000,1.000000,1.000000,1.000000,5,0.786170,1.000000,1.000000,0.544500,0.386351,1.000000,1
sample,11,7,512,identity_swap,517,517,1.000000,0.996132,1.000000,1.000000,1.000000,5,0.938491,1.000000,1.000000,0.990000,0.702456,1.000000,1
sample,11,7,512,combined,517,452,0.874275,0.835590,1.000000,0.872340,1.000000,5,0.836910,1.000000,1.000000,0.693000,0.491552,1.000000,1
sample,11,8,512,clean,516,516,1.000000,1.000000,1.000000,1.000000,1.000000,4,0.938403,1.000000,1.000000,0.990000,0.702016,1.000000,1
sample,11,8,512,drop_relations_heavy,516,516,1.000000,1.000000,1.000000,0.996124,0.750000,3,0.938191,1.000000,1.000000,0.990000,0.700953,1.000000,1
sample,11,8,512,drop_objects_light,516,418,0.810078,0.810078,1.000000,0.808140,0.500000,2,0.938134,1.000000,1.000000,0.990000,0.700671,1.000000,1
sample,11,8,512,position_noise,516,516,1.000000,0.684109,1.000000,1.000000,1.000000,4,0.938403,1.000000,1.000000,0.990000,0.702016,1.000000,1
sample,11,8,512,low_confidence,516,516,1.000000,1.000000,1.000000,1.000000,1.000000,4,0.786122,1.000000,1.000000,0.544500,0.386109,1.000000,1
sample,11,8,512,identity_swap,516,516,1.000000,0.996124,1.000000,1.000000,1.000000,4,0.938403,1.000000,1.000000,0.990000,0.702016,1.000000,1
sample,11,8,512,combined,516,442,0.856589,0.837209,1.000000,0.850775,0.500000,2,0.836686,1.000000,1.000000,0.693000,0.490431,1.000000,1
sample,11,9,512,clean,516,516,1.000000,1.000000,1.000000,1.000000,1.000000,4,0.938403,1.000000,1.000000,0.990000,0.702016,1.000000,1
sample,11,9,512,drop_relations_heavy,516,516,1.000000,1.000000,1.000000,0.996124,0.750000,3,0.938198,1.000000,1.000000,0.990000,0.700992,1.000000,1
sample,11,9,512,drop_objects_light,516,421,0.815891,0.815891,1.000000,0.815891,1.000000,4,0.938494,1.000000,1.000000,0.990000,0.702470,1.000000,1
sample,11,9,512,position_noise,516,516,1.000000,0.672481,1.000000,1.000000,1.000000,4,0.938403,1.000000,1.000000,0.990000,0.702016,1.000000,1
sample,11,9,512,low_confidence,516,516,1.000000,1.000000,1.000000,1.000000,1.000000,4,0.786122,1.000000,1.000000,0.544500,0.386109,1.000000,1
sample,11,9,512,identity_swap,516,516,1.000000,0.996124,1.000000,1.000000,1.000000,4,0.938403,1.000000,1.000000,0.990000,0.702016,1.000000,1
sample,11,9,512,combined,516,445,0.862403,0.835271,1.000000,0.860465,1.000000,4,0.836843,1.000000,1.000000,0.693000,0.491214,1.000000,1
sample,11,10,512,clean,516,516,1.000000,1.000000,1.000000,1.000000,1.000000,4,0.938403,1.000000,1.000000,0.990000,0.702016,1.000000,1
sample,11,10,512,drop_relations_heavy,516,516,1.000000,1.000000,1.000000,0.996124,0.750000,3,0.938206,1.000000,1.000000,0.990000,0.701031,1.000000,1
sample,11,10,512,drop_objects_light,516,408,0.790698,0.790698,1.000000,0.790698,1.000000,4,0.938510,1.000000,1.000000,0.990000,0.702549,1.000000,1
sample,11,10,512,position_noise,516,516,1.000000,0.689922,1.000000,1.000000,1.000000,4,0.938403,1.000000,1.000000,0.990000,0.702016,1.000000,1
sample,11,10,512,low_confidence,516,516,1.000000,1.000000,1.000000,1.000000,1.000000,4,0.786122,1.000000,1.000000,0.544500,0.386109,1.000000,1
sample,11,10,512,identity_swap,516,516,1.000000,0.996124,1.000000,1.000000,1.000000,4,0.938403,1.000000,1.000000,0.990000,0.702016,1.000000,1
sample,11,10,512,combined,516,432,0.837209,0.819767,1.000000,0.835271,0.750000,3,0.836847,1.000000,1.000000,0.693000,0.491234,1.000000,1
sample,11,11,512,clean,516,516,1.000000,1.000000,1.000000,1.000000,1.000000,4,0.938403,1.000000,1.000000,0.990000,0.702016,1.000000,1
sample,11,11,512,drop_relations_heavy,516,516,1.000000,1.000000,1.000000,0.996124,0.750000,3,0.938214,1.000000,1.000000,0.990000,0.701070,1.000000,1
sample,11,11,512,drop_objects_light,516,419,0.812016,0.812016,1.000000,0.812016,1.000000,4,0.938496,1.000000,1.000000,0.990000,0.702482,1.000000,1
sample,11,11,512,position_noise,516,516,1.000000,0.699612,1.000000,1.000000,1.000000,4,0.938403,1.000000,1.000000,0.990000,0.702016,1.000000,1
sample,11,11,512,low_confidence,516,516,1.000000,1.000000,1.000000,1.000000,1.000000,4,0.786122,1.000000,1.000000,0.544500,0.386109,1.000000,1
sample,11,11,512,identity_swap,516,516,1.000000,0.996124,1.000000,1.000000,1.000000,4,0.938403,1.000000,1.000000,0.990000,0.702016,1.000000,1
sample,11,11,512,combined,516,448,0.868217,0.852713,1.000000,0.866279,1.000000,4,0.836841,1.000000,1.000000,0.693000,0.491206,1.000000,1
sample,13,0,32,clean,36,36,1.000000,1.000000,1.000000,1.000000,1.000000,4,0.943778,1.000000,1.000000,0.990000,0.728889,1.000000,1
sample,13,0,32,drop_relations_heavy,36,36,1.000000,1.000000,1.000000,0.972222,0.750000,3,0.942457,1.000000,1.000000,0.990000,0.722286,1.000000,1
sample,13,0,32,drop_objects_light,36,30,0.833333,0.833333,1.000000,0.833333,1.000000,4,0.944933,1.000000,1.000000,0.990000,0.734667,1.000000,1
sample,13,0,32,position_noise,36,36,1.000000,0.666667,1.000000,1.000000,1.000000,4,0.943778,1.000000,1.000000,0.990000,0.728889,1.000000,1
sample,13,0,32,low_confidence,36,36,1.000000,1.000000,1.000000,1.000000,1.000000,4,0.789078,1.000000,1.000000,0.544500,0.400889,1.000000,1
sample,13,0,32,identity_swap,36,36,1.000000,0.944444,1.000000,1.000000,1.000000,4,0.943778,1.000000,1.000000,0.990000,0.728889,1.000000,1
sample,13,0,32,combined,36,32,0.888889,0.777778,1.000000,0.833333,0.750000,3,0.839120,1.000000,1.000000,0.693000,0.502600,1.000000,1
sample,13,1,32,clean,36,36,1.000000,1.000000,1.000000,1.000000,1.000000,4,0.943778,1.000000,1.000000,0.990000,0.728889,1.000000,1
sample,13,1,32,drop_relations_heavy,36,36,1.000000,1.000000,1.000000,0.916667,0.500000,2,0.939394,1.000000,1.000000,0.990000,0.706970,1.000000,1
sample,13,1,32,drop_objects_light,36,33,0.916667,0.916667,1.000000,0.916667,1.000000,4,0.944303,1.000000,1.000000,0.990000,0.731515,1.000000,1
sample,13,1,32,position_noise,36,36,1.000000,0.666667,1.000000,1.000000,1.000000,4,0.943778,1.000000,1.000000,0.990000,0.728889,1.000000,1
sample,13,1,32,low_confidence,36,36,1.000000,1.000000,1.000000,1.000000,1.000000,4,0.789078,1.000000,1.000000,0.544500,0.400889,1.000000,1
sample,13,1,32,identity_swap,36,36,1.000000,0.944444,1.000000,1.000000,1.000000,4,0.943778,1.000000,1.000000,0.990000,0.728889,1.000000,1
sample,13,1,32,combined,36,35,0.972222,0.916667,1.000000,0.944444,0.750000,3,0.839729,1.000000,1.000000,0.693000,0.505647,1.000000,1
sample,13,2,32,clean,37,37,1.000000,1.000000,1.000000,1.000000,1.000000,5,0.944865,1.000000,1.000000,0.990000,0.734324,1.000000,1
sample,13,2,32,drop_relations_heavy,37,37,1.000000,1.000000,1.000000,0.864865,0.200000,1,0.938000,1.000000,1.000000,0.990000,0.700000,1.000000,1
sample,13,2,32,drop_objects_light,37,28,0.756757,0.756757,1.000000,0.756757,0.800000,4,0.945214,1.000000,1.000000,0.990000,0.736071,1.000000,1
sample,13,2,32,position_noise,37,37,1.000000,0.567568,1.000000,1.000000,1.000000,5,0.944865,1.000000,1.000000,0.990000,0.734324,1.000000,1
sample,13,2,32,low_confidence,37,37,1.000000,1.000000,1.000000,1.000000,1.000000,5,0.789676,1.000000,1.000000,0.544500,0.403878,1.000000,1
sample,13,2,32,identity_swap,37,37,1.000000,0.945946,1.000000,1.000000,1.000000,5,0.944865,1.000000,1.000000,0.990000,0.734324,1.000000,1
sample,13,2,32,combined,37,30,0.810811,0.702703,1.000000,0.729730,0.400000,2,0.838052,1.000000,1.000000,0.693000,0.497259,1.000000,1
sample,13,3,32,clean,37,37,1.000000,1.000000,1.000000,1.000000,1.000000,5,0.944865,1.000000,1.000000,0.990000,0.734324,1.000000,1
sample,13,3,32,drop_relations_heavy,37,37,1.000000,1.000000,1.000000,0.918919,0.600000,3,0.941235,1.000000,1.000000,0.990000,0.716176,1.000000,1
sample,13,3,32,drop_objects_light,37,32,0.864865,0.864865,1.000000,0.864865,1.000000,5,0.945937,1.000000,1.000000,0.990000,0.739687,1.000000,1
sample,13,3,32,position_noise,37,37,1.000000,0.783784,1.000000,1.000000,1.000000,5,0.944865,1.000000,1.000000,0.990000,0.734324,1.000000,1
sample,13,3,32,low_confidence,37,37,1.000000,1.000000,1.000000,1.000000,1.000000,5,0.789676,1.000000,1.000000,0.544500,0.403878,1.000000,1
sample,13,3,32,identity_swap,37,37,1.000000,0.945946,1.000000,1.000000,1.000000,5,0.944865,1.000000,1.000000,0.990000,0.734324,1.000000,1
sample,13,3,32,combined,37,32,0.864865,0.837838,1.000000,0.810811,0.800000,4,0.840380,1.000000,1.000000,0.693000,0.508900,1.000000,1
sample,13,4,32,clean,37,37,1.000000,1.000000,1.000000,1.000000,1.000000,5,0.944865,1.000000,1.000000,0.990000,0.734324,1.000000,1
sample,13,4,32,drop_relations_heavy,37,37,1.000000,1.000000,1.000000,0.918919,0.600000,3,0.940882,1.000000,1.000000,0.990000,0.714412,1.000000,1
sample,13,4,32,drop_objects_light,37,32,0.864865,0.864865,1.000000,0.864865,1.000000,5,0.945937,1.000000,1.000000,0.990000,0.739687,1.000000,1
sample,13,4,32,position_noise,37,37,1.000000,0.594595,1.000000,1.000000,1.000000,5,0.944865,1.000000,1.000000,0.990000,0.734324,1.000000,1
sample,13,4,32,low_confidence,37,37,1.000000,1.000000,1.000000,1.000000,1.000000,5,0.789676,1.000000,1.000000,0.544500,0.403878,1.000000,1
sample,13,4,32,identity_swap,37,37,1.000000,0.945946,1.000000,1.000000,1.000000,5,0.944865,1.000000,1.000000,0.990000,0.734324,1.000000,1
sample,13,4,32,combined,37,32,0.864865,0.810811,1.000000,0.837838,1.000000,5,0.841297,1.000000,1.000000,0.693000,0.513484,1.000000,1
sample,13,5,32,clean,37,37,1.000000,1.000000,1.000000,1.000000,1.000000,5,0.944865,1.000000,1.000000,0.990000,0.734324,1.000000,1
sample,13,5,32,drop_relations_heavy,37,37,1.000000,1.000000,1.000000,0.918919,0.600000,3,0.940882,1.000000,1.000000,0.990000,0.714412,1.000000,1
sample,13,5,32,drop_objects_light,37,25,0.675676,0.675676,1.000000,0.675676,0.800000,4,0.946080,1.000000,1.000000,0.990000,0.740400,1.000000,1
sample,13,5,32,position_noise,37,37,1.000000,0.756757,1.000000,1.000000,1.000000,5,0.944865,1.000000,1.000000,0.990000,0.734324,1.000000,1
sample,13,5,32,low_confidence,37,37,1.000000,1.000000,1.000000,1.000000,1.000000,5,0.789676,1.000000,1.000000,0.544500,0.403878,1.000000,1
sample,13,5,32,identity_swap,37,37,1.000000,0.945946,1.000000,1.000000,1.000000,5,0.944865,1.000000,1.000000,0.990000,0.734324,1.000000,1
sample,13,5,32,combined,37,31,0.837838,0.756757,1.000000,0.810811,1.000000,5,0.841453,1.000000,1.000000,0.693000,0.514267,1.000000,1
sample,13,6,32,clean,36,36,1.000000,1.000000,1.000000,1.000000,1.000000,4,0.943778,1.000000,1.000000,0.990000,0.728889,1.000000,1
sample,13,6,32,drop_relations_heavy,36,36,1.000000,1.000000,1.000000,0.944444,0.750000,3,0.941176,1.000000,1.000000,0.990000,0.715882,1.000000,1
sample,13,6,32,drop_objects_light,36,28,0.777778,0.777778,1.000000,0.777778,1.000000,4,0.945429,1.000000,1.000000,0.990000,0.737143,1.000000,1
sample,13,6,32,position_noise,36,36,1.000000,0.694444,1.000000,1.000000,1.000000,4,0.943778,1.000000,1.000000,0.990000,0.728889,1.000000,1
sample,13,6,32,low_confidence,36,36,1.000000,1.000000,1.000000,1.000000,1.000000,4,0.789078,1.000000,1.000000,0.544500,0.400889,1.000000,1
sample,13,6,32,identity_swap,36,36,1.000000,0.944444,1.000000,1.000000,1.000000,4,0.943778,1.000000,1.000000,0.990000,0.728889,1.000000,1
sample,13,6,32,combined,36,32,0.888889,0.833333,1.000000,0.861111,0.750000,3,0.840032,1.000000,1.000000,0.693000,0.507161,1.000000,1
sample,13,7,32,clean,36,36,1.000000,1.000000,1.000000,1.000000,1.000000,4,0.943778,1.000000,1.000000,0.990000,0.728889,1.000000,1
sample,13,7,32,drop_relations_heavy,36,36,1.000000,1.000000,1.000000,0.944444,0.750000,3,0.941176,1.000000,1.000000,0.990000,0.715882,1.000000,1
sample,13,7,32,drop_objects_light,36,30,0.833333,0.833333,1.000000,0.833333,1.000000,4,0.944933,1.000000,1.000000,0.990000,0.734667,1.000000,1
sample,13,7,32,position_noise,36,36,1.000000,0.694444,1.000000,1.000000,1.000000,4,0.943778,1.000000,1.000000,0.990000,0.728889,1.000000,1
sample,13,7,32,low_confidence,36,36,1.000000,1.000000,1.000000,1.000000,1.000000,4,0.789078,1.000000,1.000000,0.544500,0.400889,1.000000,1
sample,13,7,32,identity_swap,36,36,1.000000,0.944444,1.000000,1.000000,1.000000,4,0.943778,1.000000,1.000000,0.990000,0.728889,1.000000,1
sample,13,7,32,combined,36,31,0.861111,0.833333,1.000000,0.861111,1.000000,4,0.841297,1.000000,1.000000,0.693000,0.513484,1.000000,1
sample,13,8,32,clean,36,36,1.000000,1.000000,1.000000,1.000000,1.000000,4,0.943778,1.000000,1.000000,0.990000,0.728889,1.000000,1
sample,13,8,32,drop_relations_heavy,36,36,1.000000,1.000000,1.000000,0.944444,0.750000,3,0.940882,1.000000,1.000000,0.990000,0.714412,1.000000,1
sample,13,8,32,drop_objects_light,36,30,0.833333,0.833333,1.000000,0.805556,0.750000,3,0.941724,1.000000,1.000000,0.990000,0.718621,1.000000,1
sample,13,8,32,position_noise,36,36,1.000000,0.555556,1.000000,1.000000,1.000000,4,0.943778,1.000000,1.000000,0.990000,0.728889,1.000000,1
sample,13,8,32,low_confidence,36,36,1.000000,1.000000,1.000000,1.000000,1.000000,4,0.789078,1.000000,1.000000,0.544500,0.400889,1.000000,1
sample,13,8,32,identity_swap,36,36,1.000000,0.944444,1.000000,1.000000,1.000000,4,0.943778,1.000000,1.000000,0.990000,0.728889,1.000000,1
sample,13,8,32,combined,36,32,0.888889,0.833333,1.000000,0.861111,0.750000,3,0.839039,1.000000,1.000000,0.693000,0.502194,1.000000,1
sample,13,9,32,clean,36,36,1.000000,1.000000,1.000000,1.000000,1.000000,4,0.943778,1.000000,1.000000,0.990000,0.728889,1.000000,1
sample,13,9,32,drop_relations_heavy,36,36,1.000000,1.000000,1.000000,0.944444,0.750000,3,0.941176,1.000000,1.000000,0.990000,0.715882,1.000000,1
sample,13,9,32,drop_objects_light,36,25,0.694444,0.694444,1.000000,0.694444,1.000000,4,0.946320,1.000000,1.000000,0.990000,0.741600,1.000000,1
sample,13,9,32,position_noise,36,36,1.000000,0.694444,1.000000,1.000000,1.000000,4,0.943778,1.000000,1.000000,0.990000,0.728889,1.000000,1
sample,13,9,32,low_confidence,36,36,1.000000,1.000000,1.000000,1.000000,1.000000,4,0.789078,1.000000,1.000000,0.544500,0.400889,1.000000,1
sample,13,9,32,identity_swap,36,36,1.000000,0.944444,1.000000,1.000000,1.000000,4,0.943778,1.000000,1.000000,0.990000,0.728889,1.000000,1
sample,13,9,32,combined,36,28,0.777778,0.722222,1.000000,0.777778,1.000000,4,0.841800,1.000000,1.000000,0.693000,0.516000,1.000000,1
sample,13,10,32,clean,37,37,1.000000,1.000000,1.000000,1.000000,1.000000,5,0.944865,1.000000,1.000000,0.990000,0.734324,1.000000,1
sample,13,10,32,drop_relations_heavy,37,37,1.000000,1.000000,1.000000,0.891892,0.400000,2,0.939636,1.000000,1.000000,0.990000,0.708182,1.000000,1
sample,13,10,32,drop_objects_light,37,30,0.810811,0.810811,1.000000,0.810811,0.800000,4,0.944933,1.000000,1.000000,0.990000,0.734667,1.000000,1
sample,13,10,32,position_noise,37,37,1.000000,0.513514,1.000000,1.000000,1.000000,5,0.944865,1.000000,1.000000,0.990000,0.734324,1.000000,1
sample,13,10,32,low_confidence,37,37,1.000000,1.000000,1.000000,1.000000,1.000000,5,0.789676,1.000000,1.000000,0.544500,0.403878,1.000000,1
sample,13,10,32,identity_swap,37,37,1.000000,0.945946,1.000000,1.000000,1.000000,5,0.944865,1.000000,1.000000,0.990000,0.734324,1.000000,1
sample,13,10,32,combined,37,31,0.837838,0.756757,1.000000,0.837838,0.800000,4,0.841297,1.000000,1.000000,0.693000,0.513484,1.000000,1
sample,13,11,32,clean,36,36,1.000000,1.000000,1.000000,1.000000,1.000000,4,0.943778,1.000000,1.000000,0.990000,0.728889,1.000000,1
sample,13,11,32,drop_relations_heavy,36,36,1.000000,1.000000,1.000000,0.944444,0.750000,3,0.941118,1.000000,1.000000,0.990000,0.715588,1.000000,1
sample,13,11,32,drop_objects_light,36,36,1.000000,1.000000,1.000000,1.000000,1.000000,4,0.943778,1.000000,1.000000,0.990000,0.728889,1.000000,1
sample,13,11,32,position_noise,36,36,1.000000,0.666667,1.000000,1.000000,1.000000,4,0.943778,1.000000,1.000000,0.990000,0.728889,1.000000,1
sample,13,11,32,low_confidence,36,36,1.000000,1.000000,1.000000,1.000000,1.000000,4,0.789078,1.000000,1.000000,0.544500,0.400889,1.000000,1
sample,13,11,32,identity_swap,36,36,1.000000,0.944444,1.000000,1.000000,1.000000,4,0.943778,1.000000,1.000000,0.990000,0.728889,1.000000,1
sample,13,11,32,combined,36,36,1.000000,0.944444,1.000000,0.944444,0.750000,3,0.838618,1.000000,1.000000,0.693000,0.500088,1.000000,1
sample,13,0,128,clean,132,132,1.000000,1.000000,1.000000,1.000000,1.000000,4,0.939576,1.000000,1.000000,0.990000,0.707879,1.000000,1
sample,13,0,128,drop_relations_heavy,132,132,1.000000,1.000000,1.000000,0.969697,0.250000,1,0.938000,1.000000,1.000000,0.990000,0.700000,1.000000,1
sample,13,0,128,drop_objects_light,132,108,0.818182,0.818182,1.000000,0.818182,0.750000,3,0.939444,1.000000,1.000000,0.990000,0.707222,1.000000,1
sample,13,0,128,position_noise,132,132,1.000000,0.643939,1.000000,1.000000,1.000000,4,0.939576,1.000000,1.000000,0.990000,0.707879,1.000000,1
sample,13,0,128,low_confidence,132,132,1.000000,1.000000,1.000000,1.000000,1.000000,4,0.786767,1.000000,1.000000,0.544500,0.389333,1.000000,1
sample,13,0,128,identity_swap,132,132,1.000000,0.984848,1.000000,1.000000,1.000000,4,0.939576,1.000000,1.000000,0.990000,0.707879,1.000000,1
sample,13,0,128,combined,132,114,0.863636,0.825758,1.000000,0.856061,0.750000,3,0.837281,1.000000,1.000000,0.693000,0.493407,1.000000,1
sample,13,1,128,clean,132,132,1.000000,1.000000,1.000000,1.000000,1.000000,4,0.939576,1.000000,1.000000,0.990000,0.707879,1.000000,1
sample,13,1,128,drop_relations_heavy,132,132,1.000000,1.000000,1.000000,1.000000,1.000000,4,0.939576,1.000000,1.000000,0.990000,0.707879,1.000000,1
sample,13,1,128,drop_objects_light,132,96,0.727273,0.727273,1.000000,0.727273,1.000000,4,0.940167,1.000000,1.000000,0.990000,0.710833,1.000000,1
sample,13,1,128,position_noise,132,132,1.000000,0.643939,1.000000,1.000000,1.000000,4,0.939576,1.000000,1.000000,0.990000,0.707879,1.000000,1
sample,13,1,128,low_confidence,132,132,1.000000,1.000000,1.000000,1.000000,1.000000,4,0.786767,1.000000,1.000000,0.544500,0.389333,1.000000,1
sample,13,1,128,identity_swap,132,132,1.000000,0.984848,1.000000,1.000000,1.000000,4,0.939576,1.000000,1.000000,0.990000,0.707879,1.000000,1
sample,13,1,128,combined,132,105,0.795455,0.750000,1.000000,0.772727,0.500000,2,0.836971,1.000000,1.000000,0.693000,0.491853,1.000000,1
sample,13,2,128,clean,133,133,1.000000,1.000000,1.000000,1.000000,1.000000,5,0.939910,1.000000,1.000000,0.990000,0.709549,1.000000,1
sample,13,2,128,drop_relations_heavy,133,133,1.000000,1.000000,1.000000,0.984962,0.800000,4,0.939130,1.000000,1.000000,0.990000,0.705649,1.000000,1
sample,13,2,128,drop_objects_light,133,118,0.887218,0.887218,1.000000,0.887218,0.800000,4,0.939712,1.000000,1.000000,0.990000,0.708559,1.000000,1
sample,13,2,128,position_noise,133,133,1.000000,0.676692,1.000000,1.000000,1.000000,5,0.939910,1.000000,1.000000,0.990000,0.709549,1.000000,1
sample,13,2,128,low_confidence,133,133,1.000000,1.000000,1.000000,1.000000,1.000000,5,0.786950,1.000000,1.000000,0.544500,0.390252,1.000000,1
sample,13,2,128,identity_swap,133,133,1.000000,0.984962,1.000000,1.000000,1.000000,5,0.939910,1.000000,1.000000,0.990000,0.709549,1.000000,1
sample,13,2,128,combined,133,120,0.902256,0.887218,1.000000,0.887218,0.400000,2,0.837193,1.000000,1.000000,0.693000,0.492966,1.000000,1
sample,13,3,128,clean,133,133,1.000000,1.000000,1.000000,1.000000,1.000000,5,0.939910,1.000000,1.000000,0.990000,0.709549,1.000000,1
sample,13,3,128,drop_relations_heavy,133,133,1.000000,1.000000,1.000000,0.962406,0.200000,1,0.938000,1.000000,1.000000,0.990000,0.700000,1.000000,1
sample,13,3,128,drop_objects_light,133,108,0.812030,0.812030,1.000000,0.812030,1.000000,5,0.940352,1.000000,1.000000,0.990000,0.711759,1.000000,1
sample,13,3,128,position_noise,133,133,1.000000,0.669173,1.000000,1.000000,1.000000,5,0.939910,1.000000,1.000000,0.990000,0.709549,1.000000,1
sample,13,3,128,low_confidence,133,133,1.000000,1.000000,1.000000,1.000000,1.000000,5,0.786950,1.000000,1.000000,0.544500,0.390252,1.000000,1
sample,13,3,128,identity_swap,133,133,1.000000,0.984962,1.000000,1.000000,1.000000,5,0.939910,1.000000,1.000000,0.990000,0.709549,1.000000,1
sample,13,3,128,combined,133,111,0.834586,0.789474,1.000000,0.812030,0.600000,3,0.837248,1.000000,1.000000,0.693000,0.493241,1.000000,1
sample,13,4,128,clean,133,133,1.000000,1.000000,1.000000,1.000000,1.000000,5,0.939910,1.000000,1.000000,0.990000,0.709549,1.000000,1
sample,13,4,128,drop_relations_heavy,133,133,1.000000,1.000000,1.000000,0.977444,0.600000,3,0.938754,1.000000,1.000000,0.990000,0.703769,1.000000,1
sample,13,4,128,drop_objects_light,133,106,0.796992,0.796992,1.000000,0.796992,0.800000,4,0.939906,1.000000,1.000000,0.990000,0.709528,1.000000,1
sample,13,4,128,position_noise,133,133,1.000000,0.706767,1.000000,1.000000,1.000000,5,0.939910,1.000000,1.000000,0.990000,0.709549,1.000000,1
sample,13,4,128,low_confidence,133,133,1.000000,1.000000,1.000000,1.000000,1.000000,5,0.786950,1.000000,1.000000,0.544500,0.390252,1.000000,1
sample,13,4,128,identity_swap,133,133,1.000000,0.984962,1.000000,1.000000,1.000000,5,0.939910,1.000000,1.000000,0.990000,0.709549,1.000000,1
sample,13,4,128,combined,133,112,0.842105,0.766917,1.000000,0.834586,1.000000,5,0.837912,1.000000,1.000000,0.693000,0.496559,1.000000,1
sample,13,5,128,clean,133,133,1.000000,1.000000,1.000000,1.000000,1.000000,5,0.939910,1.000000,1.000000,0.990000,0.709549,1.000000,1
sample,13,5,128,drop_relations_heavy,133,133,1.000000,1.000000,1.000000,0.969925,0.400000,2,0.938403,1.000000,1.000000,0.990000,0.702016,1.000000,1
sample,13,5,128,drop_objects_light,133,94,0.706767,0.706767,1.000000,0.699248,0.800000,4,0.939656,1.000000,1.000000,0.990000,0.708280,1.000000,1
sample,13,5,128,position_noise,133,133,1.000000,0.699248,1.000000,1.000000,1.000000,5,0.939910,1.000000,1.000000,0.990000,0.709549,1.000000,1
sample,13,5,128,low_confidence,133,133,1.000000,1.000000,1.000000,1.000000,1.000000,5,0.786950,1.000000,1.000000,0.544500,0.390252,1.000000,1
sample,13,5,128,identity_swap,133,133,1.000000,0.984962,1.000000,1.000000,1.000000,5,0.939910,1.000000,1.000000,0.990000,0.709549,1.000000,1
sample,13,5,128,combined,133,105,0.789474,0.781955,1.000000,0.774436,0.600000,3,0.837266,1.000000,1.000000,0.693000,0.493330,1.000000,1
sample,13,6,128,clean,132,132,1.000000,1.000000,1.000000,1.000000,1.000000,4,0.939576,1.000000,1.000000,0.990000,0.707879,1.000000,1
sample,13,6,128,drop_relations_heavy,132,132,1.000000,1.000000,1.000000,0.992424,0.750000,3,0.939191,1.000000,1.000000,0.990000,0.705954,1.000000,1
sample,13,6,128,drop_objects_light,132,103,0.780303,0.780303,1.000000,0.780303,1.000000,4,0.940019,1.000000,1.000000,0.990000,0.710097,1.000000,1
sample,13,6,128,position_noise,132,132,1.000000,0.643939,1.000000,1.000000,1.000000,4,0.939576,1.000000,1.000000,0.990000,0.707879,1.000000,1
sample,13,6,128,low_confidence,132,132,1.000000,1.000000,1.000000,1.000000,1.000000,4,0.786767,1.000000,1.000000,0.544500,0.389333,1.000000,1
sample,13,6,128,identity_swap,132,132,1.000000,0.984848,1.000000,1.000000,1.000000,4,0.939576,1.000000,1.000000,0.990000,0.707879,1.000000,1
sample,13,6,128,combined,132,112,0.848485,0.803030,1.000000,0.840909,0.750000,3,0.837584,1.000000,1.000000,0.693000,0.494919,1.000000,1
sample,13,7,128,clean,132,132,1.000000,1.000000,1.000000,1.000000,1.000000,4,0.939576,1.000000,1.000000,0.990000,0.707879,1.000000,1
sample,13,7,128,drop_relations_heavy,132,132,1.000000,1.000000,1.000000,0.977273,0.500000,2,0.938357,1.000000,1.000000,0.990000,0.701783,1.000000,1
sample,13,7,128,drop_objects_light,132,108,0.818182,0.818182,1.000000,0.810606,0.750000,3,0.939009,1.000000,1.000000,0.990000,0.705047,1.000000,1
sample,13,7,128,position_noise,132,132,1.000000,0.598485,1.000000,1.000000,1.000000,4,0.939576,1.000000,1.000000,0.990000,0.707879,1.000000,1
sample,13,7,128,low_confidence,132,132,1.000000,1.000000,1.000000,1.000000,1.000000,4,0.786767,1.000000,1.000000,0.544500,0.389333,1.000000,1
sample,13,7,128,identity_swap,132,132,1.000000,0.984848,1.000000,1.000000,1.000000,4,0.939576,1.000000,1.000000,0.990000,0.707879,1.000000,1
sample,13,7,128,combined,132,114,0.863636,0.848485,1.000000,0.848485,0.500000,2,0.836950,1.000000,1.000000,0.693000,0.491750,1.000000,1
sample,13,8,128,clean,132,132,1.000000,1.000000,1.000000,1.000000,1.000000,4,0.939576,1.000000,1.000000,0.990000,0.707879,1.000000,1
sample,13,8,128,drop_relations_heavy,132,132,1.000000,1.000000,1.000000,0.992424,1.000000,4,0.939176,1.000000,1.000000,0.990000,0.705878,1.000000,1
sample,13,8,128,drop_objects_light,132,102,0.772727,0.772727,1.000000,0.772727,0.750000,3,0.939529,1.000000,1.000000,0.990000,0.707647,1.000000,1
sample,13,8,128,position_noise,132,132,1.000000,0.689394,1.000000,1.000000,1.000000,4,0.939576,1.000000,1.000000,0.990000,0.707879,1.000000,1
sample,13,8,128,low_confidence,132,132,1.000000,1.000000,1.000000,1.000000,1.000000,4,0.786767,1.000000,1.000000,0.544500,0.389333,1.000000,1
sample,13,8,128,identity_swap,132,132,1.000000,0.984848,1.000000,1.000000,1.000000,4,0.939576,1.000000,1.000000,0.990000,0.707879,1.000000,1
sample,13,8,128,combined,132,108,0.818182,0.795455,1.000000,0.818182,0.750000,3,0.837611,1.000000,1.000000,0.693000,0.495056,1.000000,1
sample,13,9,128,clean,132,132,1.000000,1.000000,1.000000,1.000000,1.000000,4,0.939576,1.000000,1.000000,0.990000,0.707879,1.000000,1
sample,13,9,128,drop_relations_heavy,132,132,1.000000,1.000000,1.000000,0.984848,0.750000,3,0.938785,1.000000,1.000000,0.990000,0.703923,1.000000,1
sample,13,9,128,drop_objects_light,132,98,0.742424,0.742424,1.000000,0.742424,1.000000,4,0.940122,1.000000,1.000000,0.990000,0.710612,1.000000,1
sample,13,9,128,position_noise,132,132,1.000000,0.613636,1.000000,1.000000,1.000000,4,0.939576,1.000000,1.000000,0.990000,0.707879,1.000000,1
sample,13,9,128,low_confidence,132,132,1.000000,1.000000,1.000000,1.000000,1.000000,4,0.786767,1.000000,1.000000,0.544500,0.389333,1.000000,1
sample,13,9,128,identity_swap,132,132,1.000000,0.984848,1.000000,1.000000,1.000000,4,0.939576,1.000000,1.000000,0.990000,0.707879,1.000000,1
sample,13,9,128,combined,132,108,0.818182,0.787879,1.000000,0.810606,0.750000,3,0.837594,1.000000,1.000000,0.693000,0.494972,1.000000,1
sample,13,10,128,clean,133,133,1.000000,1.000000,1.000000,1.000000,1.000000,5,0.939910,1.000000,1.000000,0.990000,0.709549,1.000000,1
sample,13,10,128,drop_relations_heavy,133,133,1.000000,1.000000,1.000000,0.984962,0.800000,4,0.939130,1.000000,1.000000,0.990000,0.705649,1.000000,1
sample,13,10,128,drop_objects_light,133,110,0.827068,0.827068,1.000000,0.827068,1.000000,5,0.940309,1.000000,1.000000,0.990000,0.711545,1.000000,1
sample,13,10,128,position_noise,133,133,1.000000,0.661654,1.000000,1.000000,1.000000,5,0.939910,1.000000,1.000000,0.990000,0.709549,1.000000,1
sample,13,10,128,low_confidence,133,133,1.000000,1.000000,1.000000,1.000000,1.000000,5,0.786950,1.000000,1.000000,0.544500,0.390252,1.000000,1
sample,13,10,128,identity_swap,133,133,1.000000,0.984962,1.000000,1.000000,1.000000,5,0.939910,1.000000,1.000000,0.990000,0.709549,1.000000,1
sample,13,10,128,combined,133,116,0.872180,0.842105,1.000000,0.872180,1.000000,5,0.838133,1.000000,1.000000,0.693000,0.497664,1.000000,1
sample,13,11,128,clean,132,132,1.000000,1.000000,1.000000,1.000000,1.000000,4,0.939576,1.000000,1.000000,0.990000,0.707879,1.000000,1
sample,13,11,128,drop_relations_heavy,132,132,1.000000,1.000000,1.000000,0.977273,0.500000,2,0.938419,1.000000,1.000000,0.990000,0.702093,1.000000,1
sample,13,11,128,drop_objects_light,132,101,0.765152,0.765152,1.000000,0.765152,1.000000,4,0.940059,1.000000,1.000000,0.990000,0.710297,1.000000,1
sample,13,11,128,position_noise,132,132,1.000000,0.727273,1.000000,1.000000,1.000000,4,0.939576,1.000000,1.000000,0.990000,0.707879,1.000000,1
sample,13,11,128,low_confidence,132,132,1.000000,1.000000,1.000000,1.000000,1.000000,4,0.786767,1.000000,1.000000,0.544500,0.389333,1.000000,1
sample,13,11,128,identity_swap,132,132,1.000000,0.984848,1.000000,1.000000,1.000000,4,0.939576,1.000000,1.000000,0.990000,0.707879,1.000000,1
sample,13,11,128,combined,132,108,0.818182,0.772727,1.000000,0.803030,0.750000,3,0.837313,1.000000,1.000000,0.693000,0.493566,1.000000,1
sample,13,0,512,clean,516,516,1.000000,1.000000,1.000000,1.000000,1.000000,4,0.938403,1.000000,1.000000,0.990000,0.702016,1.000000,1
sample,13,0,512,drop_relations_heavy,516,516,1.000000,1.000000,1.000000,0.994186,0.500000,2,0.938105,1.000000,1.000000,0.990000,0.700526,1.000000,1
sample,13,0,512,drop_objects_light,516,411,0.796512,0.796512,1.000000,0.796512,1.000000,4,0.938506,1.000000,1.000000,0.990000,0.702530,1.000000,1
sample,13,0,512,position_noise,516,516,1.000000,0.660853,1.000000,1.000000,1.000000,4,0.938403,1.000000,1.000000,0.990000,0.702016,1.000000,1
sample,13,0,512,low_confidence,516,516,1.000000,1.000000,1.000000,1.000000,1.000000,4,0.786122,1.000000,1.000000,0.544500,0.386109,1.000000,1
sample,13,0,512,identity_swap,516,516,1.000000,0.996124,1.000000,1.000000,1.000000,4,0.938403,1.000000,1.000000,0.990000,0.702016,1.000000,1
sample,13,0,512,combined,516,436,0.844961,0.817829,1.000000,0.843023,0.750000,3,0.836845,1.000000,1.000000,0.693000,0.491223,1.000000,1
sample,13,1,512,clean,516,516,1.000000,1.000000,1.000000,1.000000,1.000000,4,0.938403,1.000000,1.000000,0.990000,0.702016,1.000000,1
sample,13,1,512,drop_relations_heavy,516,516,1.000000,1.000000,1.000000,0.992248,0.250000,1,0.938000,1.000000,1.000000,0.990000,0.700000,1.000000,1
sample,13,1,512,drop_objects_light,516,414,0.802326,0.802326,1.000000,0.800388,0.500000,2,0.938136,1.000000,1.000000,0.990000,0.700678,1.000000,1
sample,13,1,512,position_noise,516,516,1.000000,0.672481,1.000000,1.000000,1.000000,4,0.938403,1.000000,1.000000,0.990000,0.702016,1.000000,1
sample,13,1,512,low_confidence,516,516,1.000000,1.000000,1.000000,1.000000,1.000000,4,0.786122,1.000000,1.000000,0.544500,0.386109,1.000000,1
sample,13,1,512,identity_swap,516,516,1.000000,0.996124,1.000000,1.000000,1.000000,4,0.938403,1.000000,1.000000,0.990000,0.702016,1.000000,1
sample,13,1,512,combined,516,445,0.862403,0.839147,1.000000,0.860465,0.750000,3,0.836770,1.000000,1.000000,0.693000,0.490851,1.000000,1
sample,13,2,512,clean,517,517,1.000000,1.000000,1.000000,1.000000,1.000000,5,0.938491,1.000000,1.000000,0.990000,0.702456,1.000000,1
sample,13,2,512,drop_relations_heavy,517,517,1.000000,1.000000,1.000000,0.994197,0.600000,3,0.938206,1.000000,1.000000,0.990000,0.701031,1.000000,1
sample,13,2,512,drop_objects_light,517,414,0.800774,0.800774,1.000000,0.800774,1.000000,5,0.938614,1.000000,1.000000,0.990000,0.703068,1.000000,1
sample,13,2,512,position_noise,517,517,1.000000,0.690522,1.000000,1.000000,1.000000,5,0.938491,1.000000,1.000000,0.990000,0.702456,1.000000,1
sample,13,2,512,low_confidence,517,517,1.000000,1.000000,1.000000,1.000000,1.000000,5,0.786170,1.000000,1.000000,0.544500,0.386351,1.000000,1
sample,13,2,512,identity_swap,517,517,1.000000,0.996132,1.000000,1.000000,1.000000,5,0.938491,1.000000,1.000000,0.990000,0.702456,1.000000,1
sample,13,2,512,combined,517,439,0.849130,0.818182,1.000000,0.845261,0.800000,4,0.836847,1.000000,1.000000,0.693000,0.491233,1.000000,1
sample,13,3,512,clean,517,517,1.000000,1.000000,1.000000,1.000000,1.000000,5,0.938491,1.000000,1.000000,0.990000,0.702456,1.000000,1
sample,13,3,512,drop_relations_heavy,517,517,1.000000,1.000000,1.000000,0.990329,0.200000,1,0.938000,1.000000,1.000000,0.990000,0.700000,1.000000,1
sample,13,3,512,drop_objects_light,517,412,0.796905,0.796905,1.000000,0.794971,0.800000,4,0.938375,1.000000,1.000000,0.990000,0.701873,1.000000,1
sample,13,3,512,position_noise,517,517,1.000000,0.651838,1.000000,1.000000,1.000000,5,0.938491,1.000000,1.000000,0.990000,0.702456,1.000000,1
sample,13,3,512,low_confidence,517,517,1.000000,1.000000,1.000000,1.000000,1.000000,5,0.786170,1.000000,1.000000,0.544500,0.386351,1.000000,1
sample,13,3,512,identity_swap,517,517,1.000000,0.996132,1.000000,1.000000,1.000000,5,0.938491,1.000000,1.000000,0.990000,0.702456,1.000000,1
sample,13,3,512,combined,517,442,0.854932,0.818182,1.000000,0.847195,0.400000,2,0.836683,1.000000,1.000000,0.693000,0.490416,1.000000,1
sample,13,4,512,clean,517,517,1.000000,1.000000,1.000000,1.000000,1.000000,5,0.938491,1.000000,1.000000,0.990000,0.702456,1.000000,1
sample,13,4,512,drop_relations_heavy,517,517,1.000000,1.000000,1.000000,0.996132,0.800000,4,0.938299,1.000000,1.000000,0.990000,0.701495,1.000000,1
sample,13,4,512,drop_objects_light,517,408,0.789168,0.789168,1.000000,0.789168,1.000000,5,0.938623,1.000000,1.000000,0.990000,0.703113,1.000000,1
sample,13,4,512,position_noise,517,517,1.000000,0.711799,1.000000,1.000000,1.000000,5,0.938491,1.000000,1.000000,0.990000,0.702456,1.000000,1
sample,13,4,512,low_confidence,517,517,1.000000,1.000000,1.000000,1.000000,1.000000,5,0.786170,1.000000,1.000000,0.544500,0.386351,1.000000,1
sample,13,4,512,identity_swap,517,517,1.000000,0.996132,1.000000,1.000000,1.000000,5,0.938491,1.000000,1.000000,0.990000,0.702456,1.000000,1
sample,13,4,512,combined,517,439,0.849130,0.827853,1.000000,0.845261,0.800000,4,0.836859,1.000000,1.000000,0.693000,0.491297,1.000000,1
sample,13,5,512,clean,517,517,1.000000,1.000000,1.000000,1.000000,1.000000,5,0.938491,1.000000,1.000000,0.990000,0.702456,1.000000,1
sample,13,5,512,drop_relations_heavy,517,517,1.000000,1.000000,1.000000,0.992263,0.400000,2,0.938090,1.000000,1.000000,0.990000,0.700448,1.000000,1
sample,13,5,512,drop_objects_light,517,404,0.781431,0.781431,1.000000,0.781431,0.800000,4,0.938515,1.000000,1.000000,0.990000,0.702574,1.000000,1
sample,13,5,512,position_noise,517,517,1.000000,0.694391,1.000000,1.000000,1.000000,5,0.938491,1.000000,1.000000,0.990000,0.702456,1.000000,1
sample,13,5,512,low_confidence,517,517,1.000000,1.000000,1.000000,1.000000,1.000000,5,0.786170,1.000000,1.000000,0.544500,0.386351,1.000000,1
sample,13,5,512,identity_swap,517,517,1.000000,0.996132,1.000000,1.000000,1.000000,5,0.938491,1.000000,1.000000,0.990000,0.702456,1.000000,1
sample,13,5,512,combined,517,434,0.839458,0.820116,1.000000,0.839458,0.800000,4,0.836935,1.000000,1.000000,0.693000,0.491677,1.000000,1
sample,13,6,512,clean,516,516,1.000000,1.000000,1.000000,1.000000,1.000000,4,0.938403,1.000000,1.000000,0.990000,0.702016,1.000000,1
sample,13,6,512,drop_relations_heavy,516,516,1.000000,1.000000,1.000000,0.996124,0.750000,3,0.938210,1.000000,1.000000,0.990000,0.701051,1.000000,1
sample,13,6,512,drop_objects_light,516,393,0.761628,0.761628,1.000000,0.761628,0.750000,3,0.938397,1.000000,1.000000,0.990000,0.701985,1.000000,1
sample,13,6,512,position_noise,516,516,1.000000,0.668605,1.000000,1.000000,1.000000,4,0.938403,1.000000,1.000000,0.990000,0.702016,1.000000,1
sample,13,6,512,low_confidence,516,516,1.000000,1.000000,1.000000,1.000000,1.000000,4,0.786122,1.000000,1.000000,0.544500,0.386109,1.000000,1
sample,13,6,512,identity_swap,516,516,1.000000,0.996124,1.000000,1.000000,1.000000,4,0.938403,1.000000,1.000000,0.990000,0.702016,1.000000,1
sample,13,6,512,combined,516,434,0.841085,0.817829,1.000000,0.839147,0.750000,3,0.836778,1.000000,1.000000,0.693000,0.490889,1.000000,1
sample,13,7,512,clean,516,516,1.000000,1.000000,1.000000,1.000000,1.000000,4,0.938403,1.000000,1.000000,0.990000,0.702016,1.000000,1
sample,13,7,512,drop_relations_heavy,516,516,1.000000,1.000000,1.000000,0.994186,0.500000,2,0.938109,1.000000,1.000000,0.990000,0.700546,1.000000,1
sample,13,7,512,drop_objects_light,516,406,0.786822,0.786822,1.000000,0.786822,1.000000,4,0.938512,1.000000,1.000000,0.990000,0.702562,1.000000,1
sample,13,7,512,position_noise,516,516,1.000000,0.691860,1.000000,1.000000,1.000000,4,0.938403,1.000000,1.000000,0.990000,0.702016,1.000000,1
sample,13,7,512,low_confidence,516,516,1.000000,1.000000,1.000000,1.000000,1.000000,4,0.786122,1.000000,1.000000,0.544500,0.386109,1.000000,1
sample,13,7,512,identity_swap,516,516,1.000000,0.996124,1.000000,1.000000,1.000000,4,0.938403,1.000000,1.000000,0.990000,0.702016,1.000000,1
sample,13,7,512,combined,516,423,0.819767,0.788760,1.000000,0.813953,0.500000,2,0.836693,1.000000,1.000000,0.693000,0.490467,1.000000,1
sample,13,8,512,clean,516,516,1.000000,1.000000,1.000000,1.000000,1.000000,4,0.938403,1.000000,1.000000,0.990000,0.702016,1.000000,1
sample,13,8,512,drop_relations_heavy,516,516,1.000000,1.000000,1.000000,0.994186,0.500000,2,0.938101,1.000000,1.000000,0.990000,0.700507,1.000000,1
sample,13,8,512,drop_objects_light,516,414,0.802326,0.802326,1.000000,0.802326,0.750000,3,0.938377,1.000000,1.000000,0.990000,0.701884,1.000000,1
sample,13,8,512,position_noise,516,516,1.000000,0.711240,1.000000,1.000000,1.000000,4,0.938403,1.000000,1.000000,0.990000,0.702016,1.000000,1
sample,13,8,512,low_confidence,516,516,1.000000,1.000000,1.000000,1.000000,1.000000,4,0.786122,1.000000,1.000000,0.544500,0.386109,1.000000,1
sample,13,8,512,identity_swap,516,516,1.000000,0.996124,1.000000,1.000000,1.000000,4,0.938403,1.000000,1.000000,0.990000,0.702016,1.000000,1
sample,13,8,512,combined,516,442,0.856589,0.841085,1.000000,0.854651,0.750000,3,0.836775,1.000000,1.000000,0.693000,0.490873,1.000000,1
sample,13,9,512,clean,516,516,1.000000,1.000000,1.000000,1.000000,1.000000,4,0.938403,1.000000,1.000000,0.990000,0.702016,1.000000,1
sample,13,9,512,drop_relations_heavy,516,516,1.000000,1.000000,1.000000,0.996124,0.750000,3,0.938206,1.000000,1.000000,0.990000,0.701031,1.000000,1
sample,13,9,512,drop_objects_light,516,417,0.808140,0.808140,1.000000,0.808140,1.000000,4,0.938499,1.000000,1.000000,0.990000,0.702494,1.000000,1
sample,13,9,512,position_noise,516,516,1.000000,0.689922,1.000000,1.000000,1.000000,4,0.938403,1.000000,1.000000,0.990000,0.702016,1.000000,1
sample,13,9,512,low_confidence,516,516,1.000000,1.000000,1.000000,1.000000,1.000000,4,0.786122,1.000000,1.000000,0.544500,0.386109,1.000000,1
sample,13,9,512,identity_swap,516,516,1.000000,0.996124,1.000000,1.000000,1.000000,4,0.938403,1.000000,1.000000,0.990000,0.702016,1.000000,1
sample,13,9,512,combined,516,446,0.864341,0.848837,1.000000,0.860465,0.750000,3,0.836767,1.000000,1.000000,0.693000,0.490836,1.000000,1
sample,13,10,512,clean,517,517,1.000000,1.000000,1.000000,1.000000,1.000000,5,0.938491,1.000000,1.000000,0.990000,0.702456,1.000000,1
sample,13,10,512,drop_relations_heavy,517,517,1.000000,1.000000,1.000000,0.996132,0.800000,4,0.938315,1.000000,1.000000,0.990000,0.701573,1.000000,1
sample,13,10,512,drop_objects_light,517,405,0.783366,0.783366,1.000000,0.783366,1.000000,5,0.938627,1.000000,1.000000,0.990000,0.703136,1.000000,1
sample,13,10,512,position_noise,517,517,1.000000,0.665377,1.000000,1.000000,1.000000,5,0.938491,1.000000,1.000000,0.990000,0.702456,1.000000,1
sample,13,10,512,low_confidence,517,517,1.000000,1.000000,1.000000,1.000000,1.000000,5,0.786170,1.000000,1.000000,0.544500,0.386351,1.000000,1
sample,13,10,512,identity_swap,517,517,1.000000,0.996132,1.000000,1.000000,1.000000,5,0.938491,1.000000,1.000000,0.990000,0.702456,1.000000,1
sample,13,10,512,combined,517,427,0.825919,0.791103,1.000000,0.820116,0.600000,3,0.836775,1.000000,1.000000,0.693000,0.490875,1.000000,1
sample,13,11,512,clean,516,516,1.000000,1.000000,1.000000,1.000000,1.000000,4,0.938403,1.000000,1.000000,0.990000,0.702016,1.000000,1
sample,13,11,512,drop_relations_heavy,516,516,1.000000,1.000000,1.000000,0.996124,0.750000,3,0.938191,1.000000,1.000000,0.990000,0.700953,1.000000,1
sample,13,11,512,drop_objects_light,516,400,0.775194,0.775194,1.000000,0.775194,1.000000,4,0.938520,1.000000,1.000000,0.990000,0.702600,1.000000,1
sample,13,11,512,position_noise,516,516,1.000000,0.653101,1.000000,1.000000,1.000000,4,0.938403,1.000000,1.000000,0.990000,0.702016,1.000000,1
sample,13,11,512,low_confidence,516,516,1.000000,1.000000,1.000000,1.000000,1.000000,4,0.786122,1.000000,1.000000,0.544500,0.386109,1.000000,1
sample,13,11,512,identity_swap,516,516,1.000000,0.996124,1.000000,1.000000,1.000000,4,0.938403,1.000000,1.000000,0.990000,0.702016,1.000000,1
sample,13,11,512,combined,516,433,0.839147,0.798450,1.000000,0.835271,0.750000,3,0.836772,1.000000,1.000000,0.693000,0.490861,1.000000,1
summary,all,all,32,clean,36.417,36.417,1.000000,1.000000,1.000000,1.000000,1.000000,4.417,0.944231,1.000000,1.000000,0.990000,0.731154,1.000000,24
summary,all,all,32,combined,36.417,31.958,0.877753,0.825169,1.000000,0.843531,0.760417,3.333,0.839877,1.000000,1.000000,0.693000,0.506383,1.000000,24
summary,all,all,32,drop_objects_light,36.417,30.333,0.833052,0.833052,1.000000,0.829611,0.910417,4.000,0.944649,1.000000,1.000000,0.990000,0.733247,1.000000,24
summary,all,all,32,drop_relations_heavy,36.417,36.417,1.000000,1.000000,1.000000,0.931494,0.637500,2.792,0.940870,1.000000,1.000000,0.990000,0.714349,1.000000,24
summary,all,all,32,identity_swap,36.417,36.417,1.000000,0.945070,1.000000,1.000000,1.000000,4.417,0.944231,1.000000,1.000000,0.990000,0.731154,1.000000,24
summary,all,all,32,low_confidence,36.417,36.417,1.000000,1.000000,1.000000,1.000000,1.000000,4.417,0.789327,1.000000,1.000000,0.544500,0.402134,1.000000,24
summary,all,all,32,position_noise,36.417,36.417,1.000000,0.663758,1.000000,1.000000,1.000000,4.417,0.944231,1.000000,1.000000,0.990000,0.731154,1.000000,24
summary,all,all,128,clean,132.417,132.417,1.000000,1.000000,1.000000,1.000000,1.000000,4.417,0.939715,1.000000,1.000000,0.990000,0.708575,1.000000,24
summary,all,all,128,combined,132.417,111.792,0.844246,0.814672,1.000000,0.834180,0.716667,3.167,0.837442,1.000000,1.000000,0.693000,0.494210,1.000000,24
summary,all,all,128,drop_objects_light,132.417,105.500,0.796720,0.796720,1.000000,0.795459,0.866667,3.833,0.939794,1.000000,1.000000,0.990000,0.708969,1.000000,24
summary,all,all,128,drop_relations_heavy,132.417,132.417,1.000000,1.000000,1.000000,0.979556,0.585417,2.583,0.938665,1.000000,1.000000,0.990000,0.703324,1.000000,24
summary,all,all,128,identity_swap,132.417,132.417,1.000000,0.984895,1.000000,1.000000,1.000000,4.417,0.939715,1.000000,1.000000,0.990000,0.708575,1.000000,24
summary,all,all,128,low_confidence,132.417,132.417,1.000000,1.000000,1.000000,1.000000,1.000000,4.417,0.786843,1.000000,1.000000,0.544500,0.389716,1.000000,24
summary,all,all,128,position_noise,132.417,132.417,1.000000,0.675541,1.000000,1.000000,1.000000,4.417,0.939715,1.000000,1.000000,0.990000,0.708575,1.000000,24
summary,all,all,512,clean,516.417,516.417,1.000000,1.000000,1.000000,1.000000,1.000000,4.417,0.938440,1.000000,1.000000,0.990000,0.702199,1.000000,24
summary,all,all,512,combined,516.417,436.417,0.845090,0.818385,1.000000,0.841943,0.750000,3.292,0.836812,1.000000,1.000000,0.693000,0.491062,1.000000,24
summary,all,all,512,drop_objects_light,516.417,408.875,0.791758,0.791758,1.000000,0.791436,0.893750,3.958,0.938479,1.000000,1.000000,0.990000,0.702394,1.000000,24
summary,all,all,512,drop_relations_heavy,516.417,516.417,1.000000,1.000000,1.000000,0.994917,0.597917,2.625,0.938179,1.000000,1.000000,0.990000,0.700896,1.000000,24
summary,all,all,512,identity_swap,516.417,516.417,1.000000,0.996127,1.000000,1.000000,1.000000,4.417,0.938440,1.000000,1.000000,0.990000,0.702199,1.000000,24
summary,all,all,512,low_confidence,516.417,516.417,1.000000,1.000000,1.000000,1.000000,1.000000,4.417,0.786142,1.000000,1.000000,0.544500,0.386210,1.000000,24
summary,all,all,512,position_noise,516.417,516.417,1.000000,0.681460,1.000000,1.000000,1.000000,4.417,0.938440,1.000000,1.000000,0.990000,0.702199,1.000000,24
