mode,shift,total_n,escape_rate,initial_scale,initial_offset,final_scale,final_offset,mean_selected_k,max_selected_k,mean_observation_budget,mean_base_budget_trim,mean_verifier_topup,mean_estimated_topup_value,causal_recall,trajectory_mse,state_integrity,observation_hit_rate,missed_hidden_rate,objective,work_proxy,bytes_proxy
wpu-learned-observation,clean,128,0.0,1.0,0.0,1.0,0.0,24.0,24.0,0.0,0.0,0.0,0.0,1.0,0.052742,0.949929,0.0,0.0,0.052742,24.0,864.0
wpu-online-calibrated-observation,clean,128,0.0,1.0,0.0,1.0,0.0,24.0,24.0,0.0,0.0,0.0,0.0,1.0,0.052742,0.949929,0.0,0.0,0.052742,24.0,864.0
wpu-verified-online-observation,clean,128,0.0,1.0,0.0,1.0,0.0,24.0,24.0,0.0,0.0,0.0,0.0,1.0,0.052742,0.949929,0.0,0.0,0.052742,24.0,864.0
wpu-value-budget-online-observation,clean,128,0.0,1.0,0.0,1.0,0.0,24.0,24.0,0.0,0.0,0.0,0.0,1.0,0.052742,0.949929,0.0,0.0,0.052742,24.0,864.0
wpu-sequential-online-observation,clean,128,0.0,1.0,0.0,1.0,0.0,24.0,24.0,0.0,0.0,0.0,0.0,1.0,0.052742,0.949929,0.0,0.0,0.052742,24.0,864.0
wpu-composed-online-observation,clean,128,0.0,1.0,0.0,1.0,0.0,24.0,24.0,0.0,0.0,0.0,0.0,1.0,0.052742,0.949929,0.0,0.0,0.052742,24.0,864.0
wpu-learned-composed-online-observation,clean,128,0.0,1.0,0.0,1.0,0.0,24.0,24.0,0.0,0.0,0.0,0.0,1.0,0.052742,0.949929,0.0,0.0,0.052742,24.0,864.0
wpu-labeled-calibrated-observation,clean,128,0.0,1.0,0.0,1.0,0.0,24.0,24.0,0.0,0.0,0.0,0.0,1.0,0.052742,0.949929,0.0,0.0,0.052742,24.0,864.0
wpu-hand-adaptive,clean,128,0.0,1.0,0.0,1.0,0.0,24.0,24.0,0.0,0.0,0.0,0.0,1.0,0.052742,0.949929,0.0,0.0,0.052742,24.0,864.0
dense-state-copy,clean,128,0.0,1.0,0.0,1.0,0.0,8.0,8.0,0.0,0.0,0.0,0.0,1.0,0.0,1.0,0.0,0.0,0.0,128.0,4608.0
wpu-learned-observation,clean,128,0.25,1.0,0.0,1.0,0.0,30.125,32.0,1.390625,0.0,0.0,0.0,1.0,0.067652,0.936722,0.765625,0.0,0.088512,30.125,1084.5
wpu-online-calibrated-observation,clean,128,0.25,1.0,0.0,1.0,0.0,30.125,32.0,1.390625,0.0,0.0,0.0,1.0,0.067652,0.936722,0.765625,0.0,0.088512,30.125,1084.5
wpu-verified-online-observation,clean,128,0.25,1.0,0.0,1.0,0.0,30.125,32.0,1.390625,0.0,0.0,0.0,1.0,0.067652,0.936722,0.765625,0.0,0.088512,30.125,1084.5
wpu-value-budget-online-observation,clean,128,0.25,1.0,0.0,1.0,0.0,30.125,32.0,1.390625,0.0,0.0,0.0,1.0,0.067652,0.936722,0.765625,0.0,0.088512,30.125,1084.5
wpu-sequential-online-observation,clean,128,0.25,1.0,0.0,1.0,0.0,30.125,32.0,1.390625,0.0,0.0,0.0,1.0,0.067652,0.936722,0.765625,0.0,0.088512,30.125,1084.5
wpu-composed-online-observation,clean,128,0.25,1.0,0.0,1.0,0.0,30.125,32.0,1.390625,0.0,0.0,0.0,1.0,0.067652,0.936722,0.765625,0.0,0.088512,30.125,1084.5
wpu-learned-composed-online-observation,clean,128,0.25,1.0,0.0,1.0,0.0,30.125,32.0,1.390625,0.0,0.0,0.0,1.0,0.067652,0.936722,0.765625,0.0,0.088512,30.125,1084.5
wpu-labeled-calibrated-observation,clean,128,0.25,1.0,0.0,1.0,0.0,30.125,32.0,1.390625,0.0,0.0,0.0,1.0,0.067652,0.936722,0.765625,0.0,0.088512,30.125,1084.5
wpu-hand-adaptive,clean,128,0.25,1.0,0.0,1.0,0.0,30.125,32.0,1.390625,0.0,0.0,0.0,1.0,0.067652,0.936722,0.765625,0.0,0.088512,30.125,1084.5
dense-state-copy,clean,128,0.25,1.0,0.0,1.0,0.0,8.0,8.0,0.0,0.0,0.0,0.0,1.0,0.0,1.0,0.0,0.0,0.0,128.0,4608.0
wpu-learned-observation,clean,128,0.5,1.0,0.0,1.0,0.0,31.5,32.0,2.734375,0.0,0.0,0.0,0.998047,0.070137,0.934533,0.935268,0.002232,0.111153,31.5,1134.0
wpu-online-calibrated-observation,clean,128,0.5,1.0,0.0,1.0,0.0,31.5,32.0,2.734375,0.0,0.0,0.0,0.998047,0.070137,0.934533,0.935268,0.002232,0.111153,31.5,1134.0
wpu-verified-online-observation,clean,128,0.5,1.0,0.0,1.0,0.0,31.5,32.0,2.734375,0.0,0.0,0.0,0.998047,0.070137,0.934533,0.935268,0.002232,0.111153,31.5,1134.0
wpu-value-budget-online-observation,clean,128,0.5,1.0,0.0,1.0,0.0,31.5,32.0,2.734375,0.0,0.0,0.0,0.998047,0.070137,0.934533,0.935268,0.002232,0.111153,31.5,1134.0
wpu-sequential-online-observation,clean,128,0.5,1.0,0.0,1.0,0.0,31.5,32.0,2.734375,0.0,0.0,0.0,0.998047,0.070137,0.934533,0.935268,0.002232,0.111153,31.5,1134.0
wpu-composed-online-observation,clean,128,0.5,1.0,0.0,1.0,0.0,31.5,32.0,2.734375,0.0,0.0,0.0,0.998047,0.070137,0.934533,0.935268,0.002232,0.111153,31.5,1134.0
wpu-learned-composed-online-observation,clean,128,0.5,1.0,0.0,1.0,0.0,31.5,32.0,2.734375,0.0,0.0,0.0,0.998047,0.070137,0.934533,0.935268,0.002232,0.111153,31.5,1134.0
wpu-labeled-calibrated-observation,clean,128,0.5,1.0,0.0,1.0,0.0,31.5,32.0,2.734375,0.0,0.0,0.0,0.998047,0.070137,0.934533,0.935268,0.002232,0.111153,31.5,1134.0
wpu-hand-adaptive,clean,128,0.5,1.0,0.0,1.0,0.0,31.5,32.0,2.75,0.0,0.0,0.0,1.0,0.069327,0.935212,0.9375,0.0,0.110577,31.5,1134.0
dense-state-copy,clean,128,0.5,1.0,0.0,1.0,0.0,8.0,8.0,0.0,0.0,0.0,0.0,1.0,0.0,1.0,0.0,0.0,0.0,128.0,4608.0
wpu-learned-observation,clean,128,0.75,1.0,0.0,1.0,0.0,32.0,32.0,4.53125,0.0,0.0,0.0,0.992188,0.076012,0.929553,0.99135,0.00865,0.143981,32.0,1152.0
wpu-online-calibrated-observation,clean,128,0.75,1.0,0.0,1.0,0.0,32.0,32.0,4.53125,0.0,0.0,0.0,0.992188,0.075619,0.929858,0.99135,0.00865,0.143588,32.0,1152.0
wpu-verified-online-observation,clean,128,0.75,1.0,0.0,1.0,0.0,32.0,32.0,4.53125,0.0,0.0,0.0,0.992188,0.075619,0.929858,0.99135,0.00865,0.143588,32.0,1152.0
wpu-value-budget-online-observation,clean,128,0.75,1.0,0.0,1.0,0.0,32.0,32.0,4.53125,0.0,0.0,0.0,0.992188,0.075619,0.929858,0.99135,0.00865,0.143588,32.0,1152.0
wpu-sequential-online-observation,clean,128,0.75,1.0,0.0,1.0,0.0,32.0,32.0,4.53125,0.0,0.0,0.0,0.992188,0.075619,0.929858,0.99135,0.00865,0.143588,32.0,1152.0
wpu-composed-online-observation,clean,128,0.75,1.0,0.0,1.0,0.0,32.0,32.0,4.53125,0.0,0.0,0.0,0.992188,0.075619,0.929858,0.99135,0.00865,0.143588,32.0,1152.0
wpu-learned-composed-online-observation,clean,128,0.75,1.0,0.0,1.0,0.0,32.0,32.0,4.53125,0.0,0.0,0.0,0.992188,0.075619,0.929858,0.99135,0.00865,0.143588,32.0,1152.0
wpu-labeled-calibrated-observation,clean,128,0.75,1.0,0.0,1.0,0.0,32.0,32.0,4.53125,0.0,0.0,0.0,0.992188,0.075619,0.929858,0.99135,0.00865,0.143588,32.0,1152.0
wpu-hand-adaptive,clean,128,0.75,1.0,0.0,1.0,0.0,32.0,32.0,4.59375,0.0,0.0,0.0,1.0,0.072052,0.932837,1.0,0.0,0.140958,32.0,1152.0
dense-state-copy,clean,128,0.75,1.0,0.0,1.0,0.0,8.0,8.0,0.0,0.0,0.0,0.0,1.0,0.0,1.0,0.0,0.0,0.0,128.0,4608.0
wpu-learned-observation,clean,512,0.0,1.0,0.0,1.0,0.0,24.0,24.0,0.0,0.0,0.0,0.0,0.9375,0.081117,0.926224,0.0,0.0,0.081117,24.0,864.0
wpu-online-calibrated-observation,clean,512,0.0,1.0,0.0,1.0,0.0,24.0,24.0,0.0,0.0,0.0,0.0,0.9375,0.081117,0.926224,0.0,0.0,0.081117,24.0,864.0
wpu-verified-online-observation,clean,512,0.0,1.0,0.0,1.0,0.0,24.0,24.0,0.0,0.0,0.0,0.0,0.9375,0.081117,0.926224,0.0,0.0,0.081117,24.0,864.0
wpu-value-budget-online-observation,clean,512,0.0,1.0,0.0,1.0,0.0,24.0,24.0,0.0,0.0,0.0,0.0,0.9375,0.081117,0.926224,0.0,0.0,0.081117,24.0,864.0
wpu-sequential-online-observation,clean,512,0.0,1.0,0.0,1.0,0.0,24.0,24.0,0.0,0.0,0.0,0.0,0.9375,0.081117,0.926224,0.0,0.0,0.081117,24.0,864.0
wpu-composed-online-observation,clean,512,0.0,1.0,0.0,1.0,0.0,24.0,24.0,0.0,0.0,0.0,0.0,0.9375,0.081117,0.926224,0.0,0.0,0.081117,24.0,864.0
wpu-learned-composed-online-observation,clean,512,0.0,1.0,0.0,1.0,0.0,24.0,24.0,0.0,0.0,0.0,0.0,0.9375,0.081117,0.926224,0.0,0.0,0.081117,24.0,864.0
wpu-labeled-calibrated-observation,clean,512,0.0,1.0,0.0,1.0,0.0,24.0,24.0,0.0,0.0,0.0,0.0,0.9375,0.081117,0.926224,0.0,0.0,0.081117,24.0,864.0
wpu-hand-adaptive,clean,512,0.0,1.0,0.0,1.0,0.0,24.0,24.0,0.0,0.0,0.0,0.0,0.9375,0.081117,0.926224,0.0,0.0,0.081117,24.0,864.0
dense-state-copy,clean,512,0.0,1.0,0.0,1.0,0.0,8.0,8.0,0.0,0.0,0.0,0.0,1.0,0.0,1.0,0.0,0.0,0.0,512.0,18432.0
wpu-learned-observation,clean,512,0.25,1.0,0.0,1.0,0.0,30.375,32.0,1.421875,0.0,0.0,0.0,0.955078,0.087876,0.920009,0.796875,0.0,0.109204,30.375,1093.5
wpu-online-calibrated-observation,clean,512,0.25,1.0,0.0,1.0,0.0,30.375,32.0,1.421875,0.0,0.0,0.0,0.955078,0.087876,0.920009,0.796875,0.0,0.109204,30.375,1093.5
wpu-verified-online-observation,clean,512,0.25,1.0,0.0,1.0,0.0,30.375,32.0,1.421875,0.0,0.0,0.0,0.955078,0.087876,0.920009,0.796875,0.0,0.109204,30.375,1093.5
wpu-value-budget-online-observation,clean,512,0.25,1.0,0.0,1.0,0.0,30.375,32.0,1.421875,0.0,0.0,0.0,0.955078,0.087876,0.920009,0.796875,0.0,0.109204,30.375,1093.5
wpu-sequential-online-observation,clean,512,0.25,1.0,0.0,1.0,0.0,30.375,32.0,1.421875,0.0,0.0,0.0,0.955078,0.087876,0.920009,0.796875,0.0,0.109204,30.375,1093.5
wpu-composed-online-observation,clean,512,0.25,1.0,0.0,1.0,0.0,30.375,32.0,1.421875,0.0,0.0,0.0,0.955078,0.087876,0.920009,0.796875,0.0,0.109204,30.375,1093.5
wpu-learned-composed-online-observation,clean,512,0.25,1.0,0.0,1.0,0.0,30.375,32.0,1.421875,0.0,0.0,0.0,0.955078,0.087876,0.920009,0.796875,0.0,0.109204,30.375,1093.5
wpu-labeled-calibrated-observation,clean,512,0.25,1.0,0.0,1.0,0.0,30.375,32.0,1.421875,0.0,0.0,0.0,0.955078,0.087876,0.920009,0.796875,0.0,0.109204,30.375,1093.5
wpu-hand-adaptive,clean,512,0.25,1.0,0.0,1.0,0.0,30.375,32.0,1.421875,0.0,0.0,0.0,0.955078,0.087876,0.920009,0.796875,0.0,0.109204,30.375,1093.5
dense-state-copy,clean,512,0.25,1.0,0.0,1.0,0.0,8.0,8.0,0.0,0.0,0.0,0.0,1.0,0.0,1.0,0.0,0.0,0.0,512.0,18432.0
wpu-learned-observation,clean,512,0.5,1.0,0.0,1.0,0.0,31.5,32.0,2.71875,0.0,0.0,0.0,0.958984,0.086325,0.921334,0.932292,0.005208,0.127106,31.5,1134.0
wpu-online-calibrated-observation,clean,512,0.5,1.0,0.0,1.0,0.0,31.5,32.0,2.71875,0.0,0.0,0.0,0.958984,0.086452,0.921236,0.932292,0.005208,0.127233,31.5,1134.0
wpu-verified-online-observation,clean,512,0.5,1.0,0.0,1.0,0.0,31.5,32.0,2.75,0.0,0.03125,0.001254,0.962891,0.084784,0.922589,0.9375,0.0,0.126034,31.5,1134.0
wpu-value-budget-online-observation,clean,512,0.5,1.0,0.0,1.0,0.0,31.5,32.0,2.71875,0.0,0.0,0.0,0.958984,0.086452,0.921236,0.932292,0.005208,0.127233,31.5,1134.0
wpu-sequential-online-observation,clean,512,0.5,1.0,0.0,1.0,0.0,31.5,32.0,2.71875,0.0,0.0,0.0,0.958984,0.086452,0.921236,0.932292,0.005208,0.127233,31.5,1134.0
wpu-composed-online-observation,clean,512,0.5,1.0,0.0,1.0,0.0,31.5,32.0,2.71875,0.0,0.0,0.0,0.958984,0.086452,0.921236,0.932292,0.005208,0.127233,31.5,1134.0
wpu-learned-composed-online-observation,clean,512,0.5,1.0,0.0,1.0,0.0,31.5,32.0,2.75,0.0,0.03125,0.001254,0.962891,0.084784,0.922589,0.9375,0.0,0.126034,31.5,1134.0
wpu-labeled-calibrated-observation,clean,512,0.5,1.0,0.0,1.0,0.0,31.5,32.0,2.71875,0.0,0.0,0.0,0.958984,0.086452,0.921236,0.932292,0.005208,0.127233,31.5,1134.0
wpu-hand-adaptive,clean,512,0.5,1.0,0.0,1.0,0.0,31.5,32.0,2.75,0.0,0.0,0.0,0.962891,0.084784,0.922589,0.9375,0.0,0.126034,31.5,1134.0
dense-state-copy,clean,512,0.5,1.0,0.0,1.0,0.0,8.0,8.0,0.0,0.0,0.0,0.0,1.0,0.0,1.0,0.0,0.0,0.0,512.0,18432.0
wpu-learned-observation,clean,512,0.75,1.0,0.0,1.0,0.0,32.0,32.0,4.25,0.0,0.0,0.0,0.935547,0.098669,0.911269,0.961124,0.038876,0.162419,32.0,1152.0
wpu-online-calibrated-observation,clean,512,0.75,1.0,0.0,1.0,0.0,32.0,32.0,4.25,0.0,0.0,0.0,0.935547,0.099199,0.91085,0.961124,0.038876,0.162949,32.0,1152.0
wpu-verified-online-observation,clean,512,0.75,1.0,0.0,1.0,0.0,32.0,32.0,4.40625,0.0,0.15625,0.006268,0.955078,0.08969,0.918693,0.987165,0.012835,0.155784,32.0,1152.0
wpu-value-budget-online-observation,clean,512,0.75,1.0,0.0,1.0,0.0,32.0,32.0,4.25,0.0,0.0,0.0,0.935547,0.099199,0.91085,0.961124,0.038876,0.162949,32.0,1152.0
wpu-sequential-online-observation,clean,512,0.75,1.0,0.0,1.0,0.0,32.0,32.0,4.25,0.0,0.0,0.0,0.935547,0.099199,0.91085,0.961124,0.038876,0.162949,32.0,1152.0
wpu-composed-online-observation,clean,512,0.75,1.0,0.0,1.0,0.0,32.0,32.0,4.25,0.0,0.0,0.0,0.935547,0.099199,0.91085,0.961124,0.038876,0.162949,32.0,1152.0
wpu-learned-composed-online-observation,clean,512,0.75,1.0,0.0,1.0,0.0,32.0,32.0,4.40625,0.0,0.15625,0.006268,0.955078,0.08969,0.918693,0.987165,0.012835,0.155784,32.0,1152.0
wpu-labeled-calibrated-observation,clean,512,0.75,1.0,0.0,1.0,0.0,32.0,32.0,4.25,0.0,0.0,0.0,0.935547,0.099199,0.91085,0.961124,0.038876,0.162949,32.0,1152.0
wpu-hand-adaptive,clean,512,0.75,1.0,0.0,1.0,0.0,32.0,32.0,4.5,0.0,0.0,0.0,0.966797,0.084395,0.923105,1.0,0.0,0.151895,32.0,1152.0
dense-state-copy,clean,512,0.75,1.0,0.0,1.0,0.0,8.0,8.0,0.0,0.0,0.0,0.0,1.0,0.0,1.0,0.0,0.0,0.0,512.0,18432.0
wpu-learned-observation,clean,2048,0.0,1.0,0.0,1.0,0.0,24.0,24.0,0.0,0.0,0.0,0.0,0.945312,0.079338,0.927471,0.0,0.0,0.079338,24.0,864.0
wpu-online-calibrated-observation,clean,2048,0.0,1.0,0.0,1.0,0.0,24.0,24.0,0.0,0.0,0.0,0.0,0.945312,0.079338,0.927471,0.0,0.0,0.079338,24.0,864.0
wpu-verified-online-observation,clean,2048,0.0,1.0,0.0,1.0,0.0,24.0,24.0,0.0,0.0,0.0,0.0,0.945312,0.079338,0.927471,0.0,0.0,0.079338,24.0,864.0
wpu-value-budget-online-observation,clean,2048,0.0,1.0,0.0,1.0,0.0,24.0,24.0,0.0,0.0,0.0,0.0,0.945312,0.079338,0.927471,0.0,0.0,0.079338,24.0,864.0
wpu-sequential-online-observation,clean,2048,0.0,1.0,0.0,1.0,0.0,24.0,24.0,0.0,0.0,0.0,0.0,0.945312,0.079338,0.927471,0.0,0.0,0.079338,24.0,864.0
wpu-composed-online-observation,clean,2048,0.0,1.0,0.0,1.0,0.0,24.0,24.0,0.0,0.0,0.0,0.0,0.945312,0.079338,0.927471,0.0,0.0,0.079338,24.0,864.0
wpu-learned-composed-online-observation,clean,2048,0.0,1.0,0.0,1.0,0.0,24.0,24.0,0.0,0.0,0.0,0.0,0.945312,0.079338,0.927471,0.0,0.0,0.079338,24.0,864.0
wpu-labeled-calibrated-observation,clean,2048,0.0,1.0,0.0,1.0,0.0,24.0,24.0,0.0,0.0,0.0,0.0,0.945312,0.079338,0.927471,0.0,0.0,0.079338,24.0,864.0
wpu-hand-adaptive,clean,2048,0.0,1.0,0.0,1.0,0.0,24.0,24.0,0.0,0.0,0.0,0.0,0.945312,0.079338,0.927471,0.0,0.0,0.079338,24.0,864.0
dense-state-copy,clean,2048,0.0,1.0,0.0,1.0,0.0,8.0,8.0,0.0,0.0,0.0,0.0,1.0,0.0,1.0,0.0,0.0,0.0,2048.0,73728.0
wpu-learned-observation,clean,2048,0.25,1.0,0.0,1.0,0.0,30.5,32.0,1.5,0.0,0.0,0.0,0.949219,0.0893,0.918854,0.8125,0.0,0.1118,30.5,1098.0
wpu-online-calibrated-observation,clean,2048,0.25,1.0,0.0,1.0,0.0,30.5,32.0,1.5,0.0,0.0,0.0,0.949219,0.0893,0.918854,0.8125,0.0,0.1118,30.5,1098.0
wpu-verified-online-observation,clean,2048,0.25,1.0,0.0,1.0,0.0,30.5,32.0,1.5,0.0,0.0,0.0,0.949219,0.0893,0.918854,0.8125,0.0,0.1118,30.5,1098.0
wpu-value-budget-online-observation,clean,2048,0.25,1.0,0.0,1.0,0.0,30.5,32.0,1.5,0.0,0.0,0.0,0.949219,0.0893,0.918854,0.8125,0.0,0.1118,30.5,1098.0
wpu-sequential-online-observation,clean,2048,0.25,1.0,0.0,1.0,0.0,30.5,32.0,1.5,0.0,0.0,0.0,0.949219,0.0893,0.918854,0.8125,0.0,0.1118,30.5,1098.0
wpu-composed-online-observation,clean,2048,0.25,1.0,0.0,1.0,0.0,30.5,32.0,1.5,0.0,0.0,0.0,0.949219,0.0893,0.918854,0.8125,0.0,0.1118,30.5,1098.0
wpu-learned-composed-online-observation,clean,2048,0.25,1.0,0.0,1.0,0.0,30.5,32.0,1.5,0.0,0.0,0.0,0.949219,0.0893,0.918854,0.8125,0.0,0.1118,30.5,1098.0
wpu-labeled-calibrated-observation,clean,2048,0.25,1.0,0.0,1.0,0.0,30.5,32.0,1.5,0.0,0.0,0.0,0.949219,0.0893,0.918854,0.8125,0.0,0.1118,30.5,1098.0
wpu-hand-adaptive,clean,2048,0.25,1.0,0.0,1.0,0.0,30.5,32.0,1.5,0.0,0.0,0.0,0.949219,0.0893,0.918854,0.8125,0.0,0.1118,30.5,1098.0
dense-state-copy,clean,2048,0.25,1.0,0.0,1.0,0.0,8.0,8.0,0.0,0.0,0.0,0.0,1.0,0.0,1.0,0.0,0.0,0.0,2048.0,73728.0
wpu-learned-observation,clean,2048,0.5,1.0,0.0,1.0,0.0,31.625,32.0,2.796875,0.0,0.0,0.0,0.931641,0.101393,0.909447,0.937872,0.015253,0.143346,31.625,1138.5
wpu-online-calibrated-observation,clean,2048,0.5,1.0,0.0,1.0,0.0,31.625,32.0,2.796875,0.0,0.0,0.0,0.931641,0.10153,0.90934,0.937872,0.015253,0.143483,31.625,1138.5
wpu-verified-online-observation,clean,2048,0.5,1.0,0.0,1.0,0.0,31.625,32.0,2.875,0.0,0.078125,0.003134,0.941406,0.096788,0.913237,0.950893,0.002232,0.139913,31.625,1138.5
wpu-value-budget-online-observation,clean,2048,0.5,1.0,0.0,1.0,0.0,31.625,32.0,2.796875,0.0,0.0,0.0,0.931641,0.10153,0.90934,0.937872,0.015253,0.143483,31.625,1138.5
wpu-sequential-online-observation,clean,2048,0.5,1.0,0.0,1.0,0.0,31.625,32.0,2.796875,0.0,0.0,0.0,0.931641,0.10153,0.90934,0.937872,0.015253,0.143483,31.625,1138.5
wpu-composed-online-observation,clean,2048,0.5,1.0,0.0,1.0,0.0,31.625,32.0,2.796875,0.0,0.0,0.0,0.931641,0.10153,0.90934,0.937872,0.015253,0.143483,31.625,1138.5
wpu-learned-composed-online-observation,clean,2048,0.5,1.0,0.0,1.0,0.0,31.625,32.0,2.875,0.0,0.078125,0.003134,0.941406,0.096788,0.913237,0.950893,0.002232,0.139913,31.625,1138.5
wpu-labeled-calibrated-observation,clean,2048,0.5,1.0,0.0,1.0,0.0,31.625,32.0,2.796875,0.0,0.0,0.0,0.931641,0.10153,0.90934,0.937872,0.015253,0.143483,31.625,1138.5
wpu-hand-adaptive,clean,2048,0.5,1.0,0.0,1.0,0.0,31.625,32.0,2.890625,0.0,0.0,0.0,0.943359,0.095907,0.91396,0.953125,0.0,0.139266,31.625,1138.5
dense-state-copy,clean,2048,0.5,1.0,0.0,1.0,0.0,8.0,8.0,0.0,0.0,0.0,0.0,1.0,0.0,1.0,0.0,0.0,0.0,2048.0,73728.0
wpu-learned-observation,clean,2048,0.75,1.0,0.0,1.0,0.0,32.0,32.0,4.109375,0.0,0.0,0.0,0.947266,0.093217,0.915763,0.965774,0.034226,0.154858,32.0,1152.0
wpu-online-calibrated-observation,clean,2048,0.75,1.0,0.0,1.0,0.0,32.0,32.0,4.109375,0.0,0.0,0.0,0.947266,0.094012,0.915146,0.965774,0.034226,0.155653,32.0,1152.0
wpu-verified-online-observation,clean,2048,0.75,1.0,0.0,1.0,0.0,32.0,32.0,4.234375,0.0,0.125,0.005014,0.962891,0.087359,0.920693,0.986607,0.013393,0.150875,32.0,1152.0
wpu-value-budget-online-observation,clean,2048,0.75,1.0,0.0,1.0,0.0,32.0,32.0,4.109375,0.0,0.0,0.0,0.947266,0.094012,0.915146,0.965774,0.034226,0.155653,32.0,1152.0
wpu-sequential-online-observation,clean,2048,0.75,1.0,0.0,1.0,0.0,32.0,32.0,4.109375,0.0,0.0,0.0,0.947266,0.094012,0.915146,0.965774,0.034226,0.155653,32.0,1152.0
wpu-composed-online-observation,clean,2048,0.75,1.0,0.0,1.0,0.0,32.0,32.0,4.109375,0.0,0.0,0.0,0.947266,0.094012,0.915146,0.965774,0.034226,0.155653,32.0,1152.0
wpu-learned-composed-online-observation,clean,2048,0.75,1.0,0.0,1.0,0.0,32.0,32.0,4.234375,0.0,0.125,0.005014,0.962891,0.087359,0.920693,0.986607,0.013393,0.150875,32.0,1152.0
wpu-labeled-calibrated-observation,clean,2048,0.75,1.0,0.0,1.0,0.0,32.0,32.0,4.109375,0.0,0.0,0.0,0.947266,0.094012,0.915146,0.965774,0.034226,0.155653,32.0,1152.0
wpu-hand-adaptive,clean,2048,0.75,1.0,0.0,1.0,0.0,32.0,32.0,4.328125,0.0,0.0,0.0,0.974609,0.081712,0.925314,1.0,0.0,0.146634,32.0,1152.0
dense-state-copy,clean,2048,0.75,1.0,0.0,1.0,0.0,8.0,8.0,0.0,0.0,0.0,0.0,1.0,0.0,1.0,0.0,0.0,0.0,2048.0,73728.0
wpu-learned-observation,clean,8192,0.0,1.0,0.0,1.0,0.0,24.0,24.0,0.0,0.0,0.0,0.0,0.955078,0.074049,0.931983,0.0,0.0,0.074049,24.0,864.0
wpu-online-calibrated-observation,clean,8192,0.0,1.0,0.0,1.0,0.0,24.0,24.0,0.0,0.0,0.0,0.0,0.955078,0.074049,0.931983,0.0,0.0,0.074049,24.0,864.0
wpu-verified-online-observation,clean,8192,0.0,1.0,0.0,1.0,0.0,24.0,24.0,0.0,0.0,0.0,0.0,0.955078,0.074049,0.931983,0.0,0.0,0.074049,24.0,864.0
wpu-value-budget-online-observation,clean,8192,0.0,1.0,0.0,1.0,0.0,24.0,24.0,0.0,0.0,0.0,0.0,0.955078,0.074049,0.931983,0.0,0.0,0.074049,24.0,864.0
wpu-sequential-online-observation,clean,8192,0.0,1.0,0.0,1.0,0.0,24.0,24.0,0.0,0.0,0.0,0.0,0.955078,0.074049,0.931983,0.0,0.0,0.074049,24.0,864.0
wpu-composed-online-observation,clean,8192,0.0,1.0,0.0,1.0,0.0,24.0,24.0,0.0,0.0,0.0,0.0,0.955078,0.074049,0.931983,0.0,0.0,0.074049,24.0,864.0
wpu-learned-composed-online-observation,clean,8192,0.0,1.0,0.0,1.0,0.0,24.0,24.0,0.0,0.0,0.0,0.0,0.955078,0.074049,0.931983,0.0,0.0,0.074049,24.0,864.0
wpu-labeled-calibrated-observation,clean,8192,0.0,1.0,0.0,1.0,0.0,24.0,24.0,0.0,0.0,0.0,0.0,0.955078,0.074049,0.931983,0.0,0.0,0.074049,24.0,864.0
wpu-hand-adaptive,clean,8192,0.0,1.0,0.0,1.0,0.0,24.0,24.0,0.0,0.0,0.0,0.0,0.955078,0.074049,0.931983,0.0,0.0,0.074049,24.0,864.0
dense-state-copy,clean,8192,0.0,1.0,0.0,1.0,0.0,8.0,8.0,0.0,0.0,0.0,0.0,1.0,0.0,1.0,0.0,0.0,0.0,8192.0,294912.0
wpu-learned-observation,clean,8192,0.25,1.0,0.0,1.0,0.0,30.375,32.0,1.34375,0.0,0.0,0.0,0.945312,0.091995,0.917097,0.796875,0.0,0.112152,30.375,1093.5
wpu-online-calibrated-observation,clean,8192,0.25,1.0,0.0,1.0,0.0,30.375,32.0,1.34375,0.0,0.0,0.0,0.945312,0.091995,0.917097,0.796875,0.0,0.112152,30.375,1093.5
wpu-verified-online-observation,clean,8192,0.25,1.0,0.0,1.0,0.0,30.375,32.0,1.34375,0.0,0.0,0.0,0.945312,0.091995,0.917097,0.796875,0.0,0.112152,30.375,1093.5
wpu-value-budget-online-observation,clean,8192,0.25,1.0,0.0,1.0,0.0,30.375,32.0,1.34375,0.0,0.0,0.0,0.945312,0.091995,0.917097,0.796875,0.0,0.112152,30.375,1093.5
wpu-sequential-online-observation,clean,8192,0.25,1.0,0.0,1.0,0.0,30.375,32.0,1.34375,0.0,0.0,0.0,0.945312,0.091995,0.917097,0.796875,0.0,0.112152,30.375,1093.5
wpu-composed-online-observation,clean,8192,0.25,1.0,0.0,1.0,0.0,30.375,32.0,1.34375,0.0,0.0,0.0,0.945312,0.091995,0.917097,0.796875,0.0,0.112152,30.375,1093.5
wpu-learned-composed-online-observation,clean,8192,0.25,1.0,0.0,1.0,0.0,30.375,32.0,1.34375,0.0,0.0,0.0,0.945312,0.091995,0.917097,0.796875,0.0,0.112152,30.375,1093.5
wpu-labeled-calibrated-observation,clean,8192,0.25,1.0,0.0,1.0,0.0,30.375,32.0,1.34375,0.0,0.0,0.0,0.945312,0.091995,0.917097,0.796875,0.0,0.112152,30.375,1093.5
wpu-hand-adaptive,clean,8192,0.25,1.0,0.0,1.0,0.0,30.375,32.0,1.34375,0.0,0.0,0.0,0.945312,0.091995,0.917097,0.796875,0.0,0.112152,30.375,1093.5
dense-state-copy,clean,8192,0.25,1.0,0.0,1.0,0.0,8.0,8.0,0.0,0.0,0.0,0.0,1.0,0.0,1.0,0.0,0.0,0.0,8192.0,294912.0
wpu-learned-observation,clean,8192,0.5,1.0,0.0,1.0,0.0,31.875,32.0,2.859375,0.0,0.0,0.0,0.960938,0.087008,0.920654,0.976563,0.007812,0.129898,31.875,1147.5
wpu-online-calibrated-observation,clean,8192,0.5,1.0,0.0,1.0,0.0,31.875,32.0,2.859375,0.0,0.0,0.0,0.960938,0.087145,0.920556,0.976563,0.007812,0.130036,31.875,1147.5
wpu-verified-online-observation,clean,8192,0.5,1.0,0.0,1.0,0.0,31.875,32.0,2.90625,0.0,0.046875,0.00188,0.966797,0.084131,0.92297,0.984375,0.0,0.127724,31.875,1147.5
wpu-value-budget-online-observation,clean,8192,0.5,1.0,0.0,1.0,0.0,31.875,32.0,2.859375,0.0,0.0,0.0,0.960938,0.087145,0.920556,0.976563,0.007812,0.130036,31.875,1147.5
wpu-sequential-online-observation,clean,8192,0.5,1.0,0.0,1.0,0.0,31.875,32.0,2.859375,0.0,0.0,0.0,0.960938,0.087145,0.920556,0.976563,0.007812,0.130036,31.875,1147.5
wpu-composed-online-observation,clean,8192,0.5,1.0,0.0,1.0,0.0,31.875,32.0,2.859375,0.0,0.0,0.0,0.960938,0.087145,0.920556,0.976563,0.007812,0.130036,31.875,1147.5
wpu-learned-composed-online-observation,clean,8192,0.5,1.0,0.0,1.0,0.0,31.875,32.0,2.90625,0.0,0.046875,0.00188,0.966797,0.084131,0.92297,0.984375,0.0,0.127724,31.875,1147.5
wpu-labeled-calibrated-observation,clean,8192,0.5,1.0,0.0,1.0,0.0,31.875,32.0,2.859375,0.0,0.0,0.0,0.960938,0.087145,0.920556,0.976563,0.007812,0.130036,31.875,1147.5
wpu-hand-adaptive,clean,8192,0.5,1.0,0.0,1.0,0.0,31.875,32.0,2.90625,0.0,0.0,0.0,0.966797,0.084131,0.92297,0.984375,0.0,0.127724,31.875,1147.5
dense-state-copy,clean,8192,0.5,1.0,0.0,1.0,0.0,8.0,8.0,0.0,0.0,0.0,0.0,1.0,0.0,1.0,0.0,0.0,0.0,8192.0,294912.0
wpu-learned-observation,clean,8192,0.75,1.0,0.0,1.0,0.0,32.0,32.0,4.34375,0.0,0.0,0.0,0.929688,0.101407,0.908907,0.955729,0.044271,0.166563,32.0,1152.0
wpu-online-calibrated-observation,clean,8192,0.75,1.0,0.0,1.0,0.0,32.0,32.0,4.34375,0.0,0.0,0.0,0.929688,0.100887,0.909296,0.955729,0.044271,0.166043,32.0,1152.0
wpu-verified-online-observation,clean,8192,0.75,1.0,0.0,1.0,0.0,32.0,32.0,4.515625,0.0,0.171875,0.006895,0.951172,0.091477,0.91696,0.984375,0.015625,0.159211,32.0,1152.0
wpu-value-budget-online-observation,clean,8192,0.75,1.0,0.0,1.0,0.0,32.0,32.0,4.34375,0.0,0.0,0.0,0.929688,0.100887,0.909296,0.955729,0.044271,0.166043,32.0,1152.0
wpu-sequential-online-observation,clean,8192,0.75,1.0,0.0,1.0,0.0,32.0,32.0,4.34375,0.0,0.0,0.0,0.929688,0.100887,0.909296,0.955729,0.044271,0.166043,32.0,1152.0
wpu-composed-online-observation,clean,8192,0.75,1.0,0.0,1.0,0.0,32.0,32.0,4.34375,0.0,0.0,0.0,0.929688,0.100887,0.909296,0.955729,0.044271,0.166043,32.0,1152.0
wpu-learned-composed-online-observation,clean,8192,0.75,1.0,0.0,1.0,0.0,32.0,32.0,4.515625,0.0,0.171875,0.006895,0.951172,0.091477,0.91696,0.984375,0.015625,0.159211,32.0,1152.0
wpu-labeled-calibrated-observation,clean,8192,0.75,1.0,0.0,1.0,0.0,32.0,32.0,4.34375,0.0,0.0,0.0,0.929688,0.100887,0.909296,0.955729,0.044271,0.166043,32.0,1152.0
wpu-hand-adaptive,clean,8192,0.75,1.0,0.0,1.0,0.0,32.0,32.0,4.625,0.0,0.0,0.0,0.964844,0.085492,0.921946,1.0,0.0,0.154867,32.0,1152.0
dense-state-copy,clean,8192,0.75,1.0,0.0,1.0,0.0,8.0,8.0,0.0,0.0,0.0,0.0,1.0,0.0,1.0,0.0,0.0,0.0,8192.0,294912.0
wpu-learned-observation,noisy_anomaly,128,0.0,1.0,0.0,1.0,0.0,24.0,24.0,0.0,0.0,0.0,0.0,1.0,0.052733,0.949929,0.0,0.0,0.052733,24.0,864.0
wpu-online-calibrated-observation,noisy_anomaly,128,0.0,1.0,0.0,1.0,0.0,24.0,24.0,0.0,0.0,0.0,0.0,1.0,0.052733,0.949929,0.0,0.0,0.052733,24.0,864.0
wpu-verified-online-observation,noisy_anomaly,128,0.0,1.0,0.0,1.0,0.0,24.0,24.0,0.0,0.0,0.0,0.0,1.0,0.052733,0.949929,0.0,0.0,0.052733,24.0,864.0
wpu-value-budget-online-observation,noisy_anomaly,128,0.0,1.0,0.0,1.0,0.0,24.0,24.0,0.0,0.0,0.0,0.0,1.0,0.052733,0.949929,0.0,0.0,0.052733,24.0,864.0
wpu-sequential-online-observation,noisy_anomaly,128,0.0,1.0,0.0,1.0,0.0,24.0,24.0,0.0,0.0,0.0,0.0,1.0,0.052733,0.949929,0.0,0.0,0.052733,24.0,864.0
wpu-composed-online-observation,noisy_anomaly,128,0.0,1.0,0.0,1.0,0.0,24.0,24.0,0.0,0.0,0.0,0.0,1.0,0.052733,0.949929,0.0,0.0,0.052733,24.0,864.0
wpu-learned-composed-online-observation,noisy_anomaly,128,0.0,1.0,0.0,1.0,0.0,24.0,24.0,0.0,0.0,0.0,0.0,1.0,0.052733,0.949929,0.0,0.0,0.052733,24.0,864.0
wpu-labeled-calibrated-observation,noisy_anomaly,128,0.0,1.248606,-0.230168,1.248606,-0.230168,24.0,24.0,0.0,0.0,0.0,0.0,1.0,0.052733,0.949929,0.0,0.0,0.052733,24.0,864.0
wpu-hand-adaptive,noisy_anomaly,128,0.0,1.0,0.0,1.0,0.0,24.0,24.0,0.0,0.0,0.0,0.0,1.0,0.052733,0.949929,0.0,0.0,0.052733,24.0,864.0
dense-state-copy,noisy_anomaly,128,0.0,1.0,0.0,1.0,0.0,8.0,8.0,0.0,0.0,0.0,0.0,1.0,0.0,1.0,0.0,0.0,0.0,128.0,4608.0
wpu-learned-observation,noisy_anomaly,128,0.25,1.0,0.0,1.0,0.0,30.125,32.0,1.265625,0.0,0.0,0.0,0.9375,0.095595,0.913855,0.451823,0.313802,0.114579,30.125,1084.5
wpu-online-calibrated-observation,noisy_anomaly,128,0.25,1.0,0.0,1.0,0.0,30.125,32.0,1.265625,0.0,0.0,0.0,1.0,0.068012,0.936395,0.765625,0.0,0.086996,30.125,1084.5
wpu-verified-online-observation,noisy_anomaly,128,0.25,1.0,0.0,1.0,0.0,30.125,32.0,1.265625,0.0,0.0,0.0,1.0,0.068012,0.936395,0.765625,0.0,0.086996,30.125,1084.5
wpu-value-budget-online-observation,noisy_anomaly,128,0.25,1.0,0.0,1.0,0.0,30.125,32.0,1.265625,0.0,0.0,0.0,1.0,0.068012,0.936395,0.765625,0.0,0.086996,30.125,1084.5
wpu-sequential-online-observation,noisy_anomaly,128,0.25,1.0,0.0,1.0,0.0,30.125,32.0,1.265625,0.0,0.0,0.0,1.0,0.068012,0.936395,0.765625,0.0,0.086996,30.125,1084.5
wpu-composed-online-observation,noisy_anomaly,128,0.25,1.0,0.0,1.0,0.0,30.125,32.0,1.265625,0.0,0.0,0.0,1.0,0.068012,0.936395,0.765625,0.0,0.086996,30.125,1084.5
wpu-learned-composed-online-observation,noisy_anomaly,128,0.25,1.0,0.0,1.0,0.0,30.125,32.0,1.265625,0.0,0.0,0.0,1.0,0.068012,0.936395,0.765625,0.0,0.086996,30.125,1084.5
wpu-labeled-calibrated-observation,noisy_anomaly,128,0.25,1.248606,-0.230168,1.248606,-0.230168,24.125,32.0,0.015625,0.0,0.0,0.0,0.84375,0.122734,0.892781,0.003906,0.761719,0.122968,24.125,868.5
wpu-hand-adaptive,noisy_anomaly,128,0.25,1.0,0.0,1.0,0.0,30.125,32.0,1.265625,0.0,0.0,0.0,0.9375,0.095595,0.913855,0.451823,0.313802,0.114579,30.125,1084.5
dense-state-copy,noisy_anomaly,128,0.25,1.0,0.0,1.0,0.0,8.0,8.0,0.0,0.0,0.0,0.0,1.0,0.0,1.0,0.0,0.0,0.0,128.0,4608.0
wpu-learned-observation,noisy_anomaly,128,0.5,1.0,0.0,1.0,0.0,31.875,32.0,3.0,0.0,0.0,0.0,0.837891,0.145649,0.874771,0.536979,0.447396,0.190649,31.875,1147.5
wpu-online-calibrated-observation,noisy_anomaly,128,0.5,1.0,0.0,1.0,0.0,31.875,32.0,3.0,0.0,0.0,0.0,1.0,0.07062,0.934078,0.984375,0.0,0.11562,31.875,1147.5
wpu-verified-online-observation,noisy_anomaly,128,0.5,1.0,0.0,1.0,0.0,31.875,32.0,3.0,0.0,0.0,0.0,1.0,0.07062,0.934078,0.984375,0.0,0.11562,31.875,1147.5
wpu-value-budget-online-observation,noisy_anomaly,128,0.5,1.0,0.0,1.0,0.0,31.875,32.0,3.0,0.0,0.0,0.0,1.0,0.07062,0.934078,0.984375,0.0,0.11562,31.875,1147.5
wpu-sequential-online-observation,noisy_anomaly,128,0.5,1.0,0.0,1.0,0.0,31.875,32.0,3.0,0.0,0.0,0.0,1.0,0.07062,0.934078,0.984375,0.0,0.11562,31.875,1147.5
wpu-composed-online-observation,noisy_anomaly,128,0.5,1.0,0.0,1.0,0.0,31.875,32.0,3.0,0.0,0.0,0.0,1.0,0.07062,0.934078,0.984375,0.0,0.11562,31.875,1147.5
wpu-learned-composed-online-observation,noisy_anomaly,128,0.5,1.0,0.0,1.0,0.0,31.875,32.0,3.0,0.0,0.0,0.0,1.0,0.07062,0.934078,0.984375,0.0,0.11562,31.875,1147.5
wpu-labeled-calibrated-observation,noisy_anomaly,128,0.5,1.248606,-0.230168,1.248606,-0.230168,27.25,32.0,0.75,0.0,0.0,0.0,0.71875,0.189729,0.842453,0.18125,0.803125,0.200979,27.25,981.0
wpu-hand-adaptive,noisy_anomaly,128,0.5,1.0,0.0,1.0,0.0,31.875,32.0,3.0,0.0,0.0,0.0,0.837891,0.145649,0.874771,0.536979,0.447396,0.190649,31.875,1147.5
dense-state-copy,noisy_anomaly,128,0.5,1.0,0.0,1.0,0.0,8.0,8.0,0.0,0.0,0.0,0.0,1.0,0.0,1.0,0.0,0.0,0.0,128.0,4608.0
wpu-learned-observation,noisy_anomaly,128,0.75,1.0,0.0,1.0,0.0,32.0,32.0,4.3125,0.0,0.0,0.0,0.802734,0.161015,0.86355,0.643452,0.356548,0.225702,32.0,1152.0
wpu-online-calibrated-observation,noisy_anomaly,128,0.75,1.0,0.0,1.0,0.0,32.0,32.0,4.3125,0.0,0.0,0.0,0.984375,0.079174,0.926972,0.981399,0.018601,0.143862,32.0,1152.0
wpu-verified-online-observation,noisy_anomaly,128,0.75,1.0,0.0,1.0,0.0,32.0,32.0,4.34375,0.0,0.03125,0.00111,0.988281,0.077484,0.928359,0.986607,0.013393,0.142641,32.0,1152.0
wpu-value-budget-online-observation,noisy_anomaly,128,0.75,1.0,0.0,1.0,0.0,32.0,32.0,4.3125,0.0,0.0,0.0,0.984375,0.079174,0.926972,0.981399,0.018601,0.143862,32.0,1152.0
wpu-sequential-online-observation,noisy_anomaly,128,0.75,1.0,0.0,1.0,0.0,32.0,32.0,4.3125,0.0,0.0,0.0,0.984375,0.079174,0.926972,0.981399,0.018601,0.143862,32.0,1152.0
wpu-composed-online-observation,noisy_anomaly,128,0.75,1.0,0.0,1.0,0.0,32.0,32.0,4.3125,0.0,0.0,0.0,0.984375,0.079174,0.926972,0.981399,0.018601,0.143862,32.0,1152.0
wpu-learned-composed-online-observation,noisy_anomaly,128,0.75,1.0,0.0,1.0,0.0,32.0,32.0,4.3125,0.0,0.0,0.0,0.984375,0.079174,0.926972,0.981399,0.018601,0.143862,32.0,1152.0
wpu-labeled-calibrated-observation,noisy_anomaly,128,0.75,1.248606,-0.230168,1.248606,-0.230168,31.0,32.0,2.609375,0.0,0.0,0.0,0.773438,0.173944,0.854022,0.537351,0.462649,0.213085,31.0,1116.0
wpu-hand-adaptive,noisy_anomaly,128,0.75,1.0,0.0,1.0,0.0,32.0,32.0,4.421875,0.0,0.0,0.0,0.806641,0.159099,0.864848,0.647917,0.352083,0.225427,32.0,1152.0
dense-state-copy,noisy_anomaly,128,0.75,1.0,0.0,1.0,0.0,8.0,8.0,0.0,0.0,0.0,0.0,1.0,0.0,1.0,0.0,0.0,0.0,128.0,4608.0
wpu-learned-observation,noisy_anomaly,512,0.0,1.0,0.0,1.0,0.0,32.0,32.0,6.765625,0.0,0.0,0.0,0.953125,0.090722,0.917562,0.0,0.0,0.192206,32.0,1152.0
wpu-online-calibrated-observation,noisy_anomaly,512,0.0,1.0,0.0,0.988831,-0.0448,24.625,32.0,0.296875,0.0,0.0,0.0,0.943359,0.08072,0.926261,0.0,0.0,0.085173,24.625,886.5
wpu-verified-online-observation,noisy_anomaly,512,0.0,1.0,0.0,0.988831,-0.0448,24.625,32.0,0.296875,0.0,0.0,0.0,0.943359,0.08072,0.926261,0.0,0.0,0.085173,24.625,886.5
wpu-value-budget-online-observation,noisy_anomaly,512,0.0,1.0,0.0,0.988831,-0.0448,24.625,32.0,0.296875,0.0,0.0,0.0,0.943359,0.08072,0.926261,0.0,0.0,0.085173,24.625,886.5
wpu-sequential-online-observation,noisy_anomaly,512,0.0,1.0,0.0,0.988831,-0.0448,24.625,32.0,0.296875,0.0,0.0,0.0,0.943359,0.08072,0.926261,0.0,0.0,0.085173,24.625,886.5
wpu-composed-online-observation,noisy_anomaly,512,0.0,1.0,0.0,0.988831,-0.0448,24.625,32.0,0.296875,0.0,0.0,0.0,0.943359,0.08072,0.926261,0.0,0.0,0.085173,24.625,886.5
wpu-learned-composed-online-observation,noisy_anomaly,512,0.0,1.0,0.0,0.988831,-0.0448,24.625,32.0,0.296875,0.0,0.0,0.0,0.943359,0.08072,0.926261,0.0,0.0,0.085173,24.625,886.5
wpu-labeled-calibrated-observation,noisy_anomaly,512,0.0,1.248606,-0.230168,1.248606,-0.230168,26.875,32.0,0.609375,0.0,0.0,0.0,0.953125,0.080389,0.926448,0.0,0.0,0.089529,26.875,967.5
wpu-hand-adaptive,noisy_anomaly,512,0.0,1.0,0.0,1.0,0.0,24.0,24.0,0.0,0.0,0.0,0.0,0.939453,0.081323,0.925761,0.0,0.0,0.081323,24.0,864.0
dense-state-copy,noisy_anomaly,512,0.0,1.0,0.0,1.0,0.0,8.0,8.0,0.0,0.0,0.0,0.0,1.0,0.0,1.0,0.0,0.0,0.0,512.0,18432.0
wpu-learned-observation,noisy_anomaly,512,0.25,1.0,0.0,1.0,0.0,32.0,32.0,6.9375,0.0,0.0,0.0,0.933594,0.10305,0.908131,0.664062,0.148438,0.207112,32.0,1152.0
wpu-online-calibrated-observation,noisy_anomaly,512,0.25,1.0,0.0,0.996849,-0.012,29.75,32.0,3.203125,0.0,0.0,0.0,0.929688,0.099208,0.910892,0.588542,0.223958,0.147255,29.75,1071.0
wpu-verified-online-observation,noisy_anomaly,512,0.25,1.0,0.0,0.992874,-0.028,29.875,32.0,3.3125,0.0,0.0625,0.002507,0.927734,0.100875,0.909711,0.625,0.1875,0.150563,29.875,1075.5
wpu-value-budget-online-observation,noisy_anomaly,512,0.25,1.0,0.0,0.996849,-0.012,29.75,32.0,3.203125,0.0,0.0,0.0,0.929688,0.099208,0.910892,0.588542,0.223958,0.147255,29.75,1071.0
wpu-sequential-online-observation,noisy_anomaly,512,0.25,1.0,0.0,0.996849,-0.012,29.75,32.0,3.1875,0.015625,0.0,0.0,0.929688,0.099208,0.910892,0.588542,0.223958,0.14702,29.75,1071.0
wpu-composed-online-observation,noisy_anomaly,512,0.25,1.0,0.0,0.996849,-0.012,29.75,32.0,3.1875,0.015625,0.0,0.0,0.929688,0.099208,0.910892,0.588542,0.223958,0.14702,29.75,1071.0
wpu-learned-composed-online-observation,noisy_anomaly,512,0.25,1.0,0.0,0.996849,-0.012,29.75,32.0,3.1875,0.015625,0.0,0.0,0.929688,0.099208,0.910892,0.588542,0.223958,0.14702,29.75,1071.0
wpu-labeled-calibrated-observation,noisy_anomaly,512,0.25,1.248606,-0.230168,1.248606,-0.230168,31.0,32.0,2.09375,0.0,0.0,0.0,0.955078,0.090067,0.91818,0.731771,0.080729,0.121473,31.0,1116.0
wpu-hand-adaptive,noisy_anomaly,512,0.25,1.0,0.0,1.0,0.0,30.5,32.0,1.375,0.0,0.0,0.0,0.904297,0.112972,0.900442,0.554688,0.257812,0.133597,30.5,1098.0
dense-state-copy,noisy_anomaly,512,0.25,1.0,0.0,1.0,0.0,8.0,8.0,0.0,0.0,0.0,0.0,1.0,0.0,1.0,0.0,0.0,0.0,512.0,18432.0
wpu-learned-observation,noisy_anomaly,512,0.5,1.0,0.0,1.0,0.0,32.0,32.0,6.984375,0.0,0.0,0.0,0.876953,0.128661,0.888253,0.767188,0.217188,0.233427,32.0,1152.0
wpu-online-calibrated-observation,noisy_anomaly,512,0.5,1.0,0.0,0.9944,-0.0224,31.875,32.0,5.59375,0.0,0.0,0.0,0.962891,0.089455,0.918543,0.951823,0.032552,0.173362,31.875,1147.5
wpu-verified-online-observation,noisy_anomaly,512,0.5,1.0,0.0,0.9944,-0.0224,31.875,32.0,5.65625,0.0,0.0625,0.002507,0.970703,0.085847,0.921554,0.96875,0.015625,0.170691,31.875,1147.5
wpu-value-budget-online-observation,noisy_anomaly,512,0.5,1.0,0.0,0.9944,-0.0224,31.875,32.0,5.59375,0.0,0.0,0.0,0.962891,0.089455,0.918543,0.951823,0.032552,0.173362,31.875,1147.5
wpu-sequential-online-observation,noisy_anomaly,512,0.5,1.0,0.0,0.9944,-0.0224,31.875,32.0,5.640625,0.296875,0.0,0.0,0.966797,0.087721,0.919979,0.958333,0.026042,0.172331,31.875,1147.5
wpu-composed-online-observation,noisy_anomaly,512,0.5,1.0,0.0,0.9944,-0.0224,31.875,32.0,5.640625,0.296875,0.0,0.0,0.966797,0.087721,0.919979,0.958333,0.026042,0.172331,31.875,1147.5
wpu-learned-composed-online-observation,noisy_anomaly,512,0.5,1.0,0.0,0.9944,-0.0224,31.875,32.0,5.640625,0.296875,0.0,0.0,0.966797,0.087721,0.919979,0.958333,0.026042,0.172331,31.875,1147.5
wpu-labeled-calibrated-observation,noisy_anomaly,512,0.5,1.248606,-0.230168,1.248606,-0.230168,31.75,32.0,3.65625,0.0,0.0,0.0,0.943359,0.098013,0.911851,0.901823,0.082552,0.152856,31.75,1143.0
wpu-hand-adaptive,noisy_anomaly,512,0.5,1.0,0.0,1.0,0.0,31.875,32.0,2.953125,0.0,0.0,0.0,0.830078,0.149416,0.872572,0.588281,0.396094,0.193713,31.875,1147.5
dense-state-copy,noisy_anomaly,512,0.5,1.0,0.0,1.0,0.0,8.0,8.0,0.0,0.0,0.0,0.0,1.0,0.0,1.0,0.0,0.0,0.0,512.0,18432.0
wpu-learned-observation,noisy_anomaly,512,0.75,1.0,0.0,1.0,0.0,32.0,32.0,7.0,0.0,0.0,0.0,0.810547,0.156375,0.867811,0.738244,0.261756,0.261375,32.0,1152.0
wpu-online-calibrated-observation,noisy_anomaly,512,0.75,1.0,0.0,1.0,0.0,32.0,32.0,6.734375,0.0,0.0,0.0,0.960938,0.08892,0.918974,0.997768,0.002232,0.189935,32.0,1152.0
wpu-verified-online-observation,noisy_anomaly,512,0.75,1.0,0.0,1.0,0.0,32.0,32.0,6.734375,0.0,0.0,0.0,0.960938,0.08892,0.918974,0.997768,0.002232,0.189935,32.0,1152.0
wpu-value-budget-online-observation,noisy_anomaly,512,0.75,1.0,0.0,1.0,0.0,32.0,32.0,6.734375,0.0,0.0,0.0,0.960938,0.08892,0.918974,0.997768,0.002232,0.189935,32.0,1152.0
wpu-sequential-online-observation,noisy_anomaly,512,0.75,1.0,0.0,1.0,0.0,32.0,32.0,6.078125,0.828125,0.0,0.0,0.962891,0.087516,0.920134,1.0,0.0,0.178688,32.0,1152.0
wpu-composed-online-observation,noisy_anomaly,512,0.75,1.0,0.0,1.0,0.0,32.0,32.0,6.078125,0.828125,0.0,0.0,0.962891,0.087516,0.920134,1.0,0.0,0.178688,32.0,1152.0
wpu-learned-composed-online-observation,noisy_anomaly,512,0.75,1.0,0.0,1.0,0.0,32.0,32.0,6.078125,0.828125,0.0,0.0,0.962891,0.087516,0.920134,1.0,0.0,0.178688,32.0,1152.0
wpu-labeled-calibrated-observation,noisy_anomaly,512,0.75,1.248606,-0.230168,1.248606,-0.230168,32.0,32.0,5.4375,0.0,0.0,0.0,0.951172,0.092529,0.916016,0.983036,0.016964,0.174092,32.0,1152.0
wpu-hand-adaptive,noisy_anomaly,512,0.75,1.0,0.0,1.0,0.0,32.0,32.0,4.34375,0.0,0.0,0.0,0.771484,0.174332,0.853881,0.631213,0.368787,0.239489,32.0,1152.0
dense-state-copy,noisy_anomaly,512,0.75,1.0,0.0,1.0,0.0,8.0,8.0,0.0,0.0,0.0,0.0,1.0,0.0,1.0,0.0,0.0,0.0,512.0,18432.0
wpu-learned-observation,noisy_anomaly,2048,0.0,1.0,0.0,1.0,0.0,32.0,32.0,6.78125,0.0,0.0,0.0,0.957031,0.089632,0.918793,0.0,0.0,0.191351,32.0,1152.0
wpu-online-calibrated-observation,noisy_anomaly,2048,0.0,1.0,0.0,0.988831,-0.0448,25.0,32.0,0.46875,0.0,0.0,0.0,0.935547,0.083948,0.923871,0.0,0.0,0.090979,25.0,900.0
wpu-verified-online-observation,noisy_anomaly,2048,0.0,1.0,0.0,0.988831,-0.0448,25.0,32.0,0.46875,0.0,0.0,0.0,0.935547,0.083948,0.923871,0.0,0.0,0.090979,25.0,900.0
wpu-value-budget-online-observation,noisy_anomaly,2048,0.0,1.0,0.0,0.988831,-0.0448,25.0,32.0,0.46875,0.0,0.0,0.0,0.935547,0.083948,0.923871,0.0,0.0,0.090979,25.0,900.0
wpu-sequential-online-observation,noisy_anomaly,2048,0.0,1.0,0.0,0.988831,-0.0448,25.0,32.0,0.46875,0.0,0.0,0.0,0.935547,0.083948,0.923871,0.0,0.0,0.090979,25.0,900.0
wpu-composed-online-observation,noisy_anomaly,2048,0.0,1.0,0.0,0.988831,-0.0448,25.0,32.0,0.46875,0.0,0.0,0.0,0.935547,0.083948,0.923871,0.0,0.0,0.090979,25.0,900.0
wpu-learned-composed-online-observation,noisy_anomaly,2048,0.0,1.0,0.0,0.988831,-0.0448,25.0,32.0,0.46875,0.0,0.0,0.0,0.935547,0.083948,0.923871,0.0,0.0,0.090979,25.0,900.0
wpu-labeled-calibrated-observation,noisy_anomaly,2048,0.0,1.248606,-0.230168,1.248606,-0.230168,28.375,32.0,1.046875,0.0,0.0,0.0,0.958984,0.080874,0.92641,0.0,0.0,0.096577,28.375,1021.5
wpu-hand-adaptive,noisy_anomaly,2048,0.0,1.0,0.0,1.0,0.0,24.0,24.0,0.0,0.0,0.0,0.0,0.933594,0.082253,0.925303,0.0,0.0,0.082253,24.0,864.0
dense-state-copy,noisy_anomaly,2048,0.0,1.0,0.0,1.0,0.0,8.0,8.0,0.0,0.0,0.0,0.0,1.0,0.0,1.0,0.0,0.0,0.0,2048.0,73728.0
wpu-learned-observation,noisy_anomaly,2048,0.25,1.0,0.0,1.0,0.0,32.0,32.0,6.84375,0.0,0.0,0.0,0.931641,0.102136,0.908553,0.657552,0.154948,0.204792,32.0,1152.0
wpu-online-calibrated-observation,noisy_anomaly,2048,0.25,1.0,0.0,0.998465,-0.0056,30.0,32.0,3.859375,0.0,0.0,0.0,0.927734,0.100455,0.910128,0.613281,0.199219,0.158346,30.0,1080.0
wpu-verified-online-observation,noisy_anomaly,2048,0.25,1.0,0.0,0.998465,-0.0056,30.0,32.0,3.890625,0.0,0.03125,0.001254,0.929688,0.099699,0.910752,0.625,0.1875,0.158058,30.0,1080.0
wpu-value-budget-online-observation,noisy_anomaly,2048,0.25,1.0,0.0,0.998465,-0.0056,30.0,32.0,3.859375,0.0,0.0,0.0,0.927734,0.100455,0.910128,0.613281,0.199219,0.158346,30.0,1080.0
wpu-sequential-online-observation,noisy_anomaly,2048,0.25,1.0,0.0,0.998465,-0.0056,30.125,32.0,3.96875,0.0625,0.0,0.0,0.927734,0.100835,0.909804,0.613281,0.199219,0.160367,30.125,1084.5
wpu-composed-online-observation,noisy_anomaly,2048,0.25,1.0,0.0,0.998465,-0.0056,30.125,32.0,3.96875,0.0625,0.0,0.0,0.927734,0.100835,0.909804,0.613281,0.199219,0.160367,30.125,1084.5
wpu-learned-composed-online-observation,noisy_anomaly,2048,0.25,1.0,0.0,0.998465,-0.0056,30.125,32.0,3.96875,0.0625,0.0,0.0,0.927734,0.100835,0.909804,0.613281,0.199219,0.160367,30.125,1084.5
wpu-labeled-calibrated-observation,noisy_anomaly,2048,0.25,1.248606,-0.230168,1.248606,-0.230168,30.125,32.0,2.078125,0.0,0.0,0.0,0.933594,0.097017,0.912852,0.652344,0.160156,0.128189,30.125,1084.5
wpu-hand-adaptive,noisy_anomaly,2048,0.25,1.0,0.0,1.0,0.0,30.5,32.0,1.4375,0.0,0.0,0.0,0.890625,0.116719,0.897173,0.486979,0.325521,0.138282,30.5,1098.0
dense-state-copy,noisy_anomaly,2048,0.25,1.0,0.0,1.0,0.0,8.0,8.0,0.0,0.0,0.0,0.0,1.0,0.0,1.0,0.0,0.0,0.0,2048.0,73728.0
wpu-learned-observation,noisy_anomaly,2048,0.5,1.0,0.0,1.0,0.0,32.0,32.0,7.0,0.0,0.0,0.0,0.863281,0.133041,0.884712,0.719792,0.233333,0.238041,32.0,1152.0
wpu-online-calibrated-observation,noisy_anomaly,2048,0.5,1.0,0.0,0.995753,-0.0168,31.75,32.0,5.5625,0.0,0.0,0.0,0.9375,0.10099,0.909878,0.899219,0.053906,0.184427,31.75,1143.0
wpu-verified-online-observation,noisy_anomaly,2048,0.5,1.0,0.0,0.995753,-0.0168,31.75,32.0,5.625,0.0,0.0625,0.002507,0.945312,0.097579,0.912509,0.917969,0.035156,0.181954,31.75,1143.0
wpu-value-budget-online-observation,noisy_anomaly,2048,0.5,1.0,0.0,0.995753,-0.0168,31.75,32.0,5.5625,0.0,0.0,0.0,0.9375,0.10099,0.909878,0.899219,0.053906,0.184427,31.75,1143.0
wpu-sequential-online-observation,noisy_anomaly,2048,0.5,1.0,0.0,0.9944,-0.0224,32.0,32.0,5.703125,0.640625,0.0,0.0,0.957031,0.092422,0.916115,0.939583,0.013542,0.177968,32.0,1152.0
wpu-composed-online-observation,noisy_anomaly,2048,0.5,1.0,0.0,0.9944,-0.0224,32.0,32.0,5.703125,0.640625,0.0,0.0,0.957031,0.092422,0.916115,0.939583,0.013542,0.177968,32.0,1152.0
wpu-learned-composed-online-observation,noisy_anomaly,2048,0.5,1.0,0.0,0.9944,-0.0224,32.0,32.0,5.703125,0.640625,0.0,0.0,0.957031,0.092422,0.916115,0.939583,0.013542,0.177968,32.0,1152.0
wpu-labeled-calibrated-observation,noisy_anomaly,2048,0.5,1.248606,-0.230168,1.248606,-0.230168,31.75,32.0,4.140625,0.0,0.0,0.0,0.955078,0.092275,0.916288,0.903906,0.049219,0.154385,31.75,1143.0
wpu-hand-adaptive,noisy_anomaly,2048,0.5,1.0,0.0,1.0,0.0,31.625,32.0,3.171875,0.0,0.0,0.0,0.806641,0.158317,0.865779,0.561458,0.391667,0.205895,31.625,1138.5
dense-state-copy,noisy_anomaly,2048,0.5,1.0,0.0,1.0,0.0,8.0,8.0,0.0,0.0,0.0,0.0,1.0,0.0,1.0,0.0,0.0,0.0,2048.0,73728.0
wpu-learned-observation,noisy_anomaly,2048,0.75,1.0,0.0,1.0,0.0,32.0,32.0,6.984375,0.0,0.0,0.0,0.806641,0.15893,0.865077,0.715402,0.284598,0.263695,32.0,1152.0
wpu-online-calibrated-observation,noisy_anomaly,2048,0.75,1.0,0.0,1.0,0.0,32.0,32.0,6.703125,0.0,0.0,0.0,0.955078,0.091996,0.916857,0.98776,0.01224,0.192543,32.0,1152.0
wpu-verified-online-observation,noisy_anomaly,2048,0.75,1.0,0.0,1.0,0.0,32.0,32.0,6.75,0.0,0.046875,0.00188,0.960938,0.089183,0.919142,0.996094,0.003906,0.190433,32.0,1152.0
wpu-value-budget-online-observation,noisy_anomaly,2048,0.75,1.0,0.0,1.0,0.0,32.0,32.0,6.703125,0.0,0.0,0.0,0.955078,0.091996,0.916857,0.98776,0.01224,0.192543,32.0,1152.0
wpu-sequential-online-observation,noisy_anomaly,2048,0.75,1.0,0.0,1.0,0.0,32.0,32.0,6.1875,0.765625,0.0,0.0,0.958984,0.09002,0.918412,0.99349,0.00651,0.182833,32.0,1152.0
wpu-composed-online-observation,noisy_anomaly,2048,0.75,1.0,0.0,1.0,0.0,32.0,32.0,6.1875,0.765625,0.0,0.0,0.958984,0.09002,0.918412,0.99349,0.00651,0.182833,32.0,1152.0
wpu-learned-composed-online-observation,noisy_anomaly,2048,0.75,1.0,0.0,1.0,0.0,32.0,32.0,6.1875,0.765625,0.0,0.0,0.958984,0.09002,0.918412,0.99349,0.00651,0.182833,32.0,1152.0
wpu-labeled-calibrated-observation,noisy_anomaly,2048,0.75,1.248606,-0.230168,1.248606,-0.230168,32.0,32.0,5.375,0.0,0.0,0.0,0.943359,0.097004,0.912602,0.965848,0.034152,0.177629,32.0,1152.0
wpu-hand-adaptive,noisy_anomaly,2048,0.75,1.0,0.0,1.0,0.0,32.0,32.0,4.578125,0.0,0.0,0.0,0.759766,0.180734,0.849196,0.593787,0.406213,0.249406,32.0,1152.0
dense-state-copy,noisy_anomaly,2048,0.75,1.0,0.0,1.0,0.0,8.0,8.0,0.0,0.0,0.0,0.0,1.0,0.0,1.0,0.0,0.0,0.0,2048.0,73728.0
wpu-learned-observation,noisy_anomaly,8192,0.0,1.0,0.0,1.0,0.0,32.0,32.0,6.75,0.0,0.0,0.0,0.957031,0.090605,0.917549,0.0,0.0,0.191855,32.0,1152.0
wpu-online-calibrated-observation,noisy_anomaly,8192,0.0,1.0,0.0,0.988831,-0.0448,24.625,32.0,0.421875,0.0,0.0,0.0,0.935547,0.084728,0.922753,0.0,0.0,0.091056,24.625,886.5
wpu-verified-online-observation,noisy_anomaly,8192,0.0,1.0,0.0,0.988831,-0.0448,24.625,32.0,0.421875,0.0,0.0,0.0,0.935547,0.084728,0.922753,0.0,0.0,0.091056,24.625,886.5
wpu-value-budget-online-observation,noisy_anomaly,8192,0.0,1.0,0.0,0.988831,-0.0448,24.625,32.0,0.421875,0.0,0.0,0.0,0.935547,0.084728,0.922753,0.0,0.0,0.091056,24.625,886.5
wpu-sequential-online-observation,noisy_anomaly,8192,0.0,1.0,0.0,0.988831,-0.0448,24.625,32.0,0.421875,0.0,0.0,0.0,0.935547,0.084728,0.922753,0.0,0.0,0.091056,24.625,886.5
wpu-composed-online-observation,noisy_anomaly,8192,0.0,1.0,0.0,0.988831,-0.0448,24.625,32.0,0.421875,0.0,0.0,0.0,0.935547,0.084728,0.922753,0.0,0.0,0.091056,24.625,886.5
wpu-learned-composed-online-observation,noisy_anomaly,8192,0.0,1.0,0.0,0.988831,-0.0448,24.625,32.0,0.421875,0.0,0.0,0.0,0.935547,0.084728,0.922753,0.0,0.0,0.091056,24.625,886.5
wpu-labeled-calibrated-observation,noisy_anomaly,8192,0.0,1.248606,-0.230168,1.248606,-0.230168,27.375,32.0,0.65625,0.0,0.0,0.0,0.949219,0.08413,0.9232,0.0,0.0,0.093973,27.375,985.5
wpu-hand-adaptive,noisy_anomaly,8192,0.0,1.0,0.0,1.0,0.0,24.0,24.0,0.0,0.0,0.0,0.0,0.933594,0.08454,0.922958,0.0,0.0,0.08454,24.0,864.0
dense-state-copy,noisy_anomaly,8192,0.0,1.0,0.0,1.0,0.0,8.0,8.0,0.0,0.0,0.0,0.0,1.0,0.0,1.0,0.0,0.0,0.0,8192.0,294912.0
wpu-learned-observation,noisy_anomaly,8192,0.25,1.0,0.0,1.0,0.0,32.0,32.0,6.90625,0.0,0.0,0.0,0.925781,0.104899,0.906322,0.550781,0.152344,0.208493,32.0,1152.0
wpu-online-calibrated-observation,noisy_anomaly,8192,0.25,1.0,0.0,0.992874,-0.028,29.875,32.0,3.375,0.0,0.0,0.0,0.917969,0.103145,0.907711,0.550781,0.152344,0.15377,29.875,1075.5
wpu-verified-online-observation,noisy_anomaly,8192,0.25,1.0,0.0,0.992874,-0.028,29.875,32.0,3.484375,0.0,0.109375,0.004388,0.931641,0.097331,0.912389,0.59375,0.109375,0.149596,29.875,1075.5
wpu-value-budget-online-observation,noisy_anomaly,8192,0.25,1.0,0.0,0.992874,-0.028,29.875,32.0,3.375,0.0,0.0,0.0,0.917969,0.103145,0.907711,0.550781,0.152344,0.15377,29.875,1075.5
wpu-sequential-online-observation,noisy_anomaly,8192,0.25,1.0,0.0,0.994225,-0.0224,29.75,32.0,3.1875,0.046875,0.0,0.0,0.917969,0.103145,0.907751,0.535156,0.167969,0.150958,29.75,1071.0
wpu-composed-online-observation,noisy_anomaly,8192,0.25,1.0,0.0,0.994225,-0.0224,29.75,32.0,3.1875,0.046875,0.0,0.0,0.917969,0.103145,0.907751,0.535156,0.167969,0.150958,29.75,1071.0
wpu-learned-composed-online-observation,noisy_anomaly,8192,0.25,1.0,0.0,0.994225,-0.0224,29.75,32.0,3.1875,0.046875,0.0,0.0,0.917969,0.103145,0.907751,0.535156,0.167969,0.150958,29.75,1071.0
wpu-labeled-calibrated-observation,noisy_anomaly,8192,0.25,1.248606,-0.230168,1.248606,-0.230168,30.125,32.0,1.890625,0.0,0.0,0.0,0.927734,0.099553,0.910328,0.580729,0.122396,0.127913,30.125,1084.5
wpu-hand-adaptive,noisy_anomaly,8192,0.25,1.0,0.0,1.0,0.0,29.625,32.0,1.21875,0.0,0.0,0.0,0.894531,0.113215,0.900014,0.41276,0.290365,0.131496,29.625,1066.5
dense-state-copy,noisy_anomaly,8192,0.25,1.0,0.0,1.0,0.0,8.0,8.0,0.0,0.0,0.0,0.0,1.0,0.0,1.0,0.0,0.0,0.0,8192.0,294912.0
wpu-learned-observation,noisy_anomaly,8192,0.5,1.0,0.0,1.0,0.0,32.0,32.0,6.953125,0.0,0.0,0.0,0.867188,0.131725,0.885586,0.730729,0.206771,0.236022,32.0,1152.0
wpu-online-calibrated-observation,noisy_anomaly,8192,0.5,1.0,0.0,0.990177,-0.0392,31.5,32.0,5.125,0.0,0.0,0.0,0.929688,0.102999,0.907678,0.835417,0.102083,0.179874,31.5,1134.0
wpu-verified-online-observation,noisy_anomaly,8192,0.5,1.0,0.0,0.990177,-0.0392,31.5,32.0,5.25,0.0,0.125,0.005014,0.945312,0.095877,0.913549,0.875,0.0625,0.174627,31.5,1134.0
wpu-value-budget-online-observation,noisy_anomaly,8192,0.5,1.0,0.0,0.990177,-0.0392,31.5,32.0,5.125,0.0,0.0,0.0,0.929688,0.102999,0.907678,0.835417,0.102083,0.179874,31.5,1134.0
wpu-sequential-online-observation,noisy_anomaly,8192,0.5,1.0,0.0,0.9944,-0.0224,31.75,32.0,5.5,0.453125,0.0,0.0,0.945312,0.096371,0.913154,0.89349,0.04401,0.178871,31.75,1143.0
wpu-composed-online-observation,noisy_anomaly,8192,0.5,1.0,0.0,0.9944,-0.0224,31.75,32.0,5.5,0.453125,0.0,0.0,0.945312,0.096371,0.913154,0.89349,0.04401,0.178871,31.75,1143.0
wpu-learned-composed-online-observation,noisy_anomaly,8192,0.5,1.0,0.0,0.9944,-0.0224,31.75,32.0,5.5,0.453125,0.0,0.0,0.945312,0.096371,0.913154,0.89349,0.04401,0.178871,31.75,1143.0
wpu-labeled-calibrated-observation,noisy_anomaly,8192,0.5,1.248606,-0.230168,1.248606,-0.230168,31.75,32.0,3.515625,0.0,0.0,0.0,0.935547,0.100246,0.909847,0.86276,0.07474,0.152981,31.75,1143.0
wpu-hand-adaptive,noisy_anomaly,8192,0.5,1.0,0.0,1.0,0.0,31.5,32.0,2.96875,0.0,0.0,0.0,0.828125,0.148756,0.872534,0.577865,0.359635,0.193287,31.5,1134.0
dense-state-copy,noisy_anomaly,8192,0.5,1.0,0.0,1.0,0.0,8.0,8.0,0.0,0.0,0.0,0.0,1.0,0.0,1.0,0.0,0.0,0.0,8192.0,294912.0
wpu-learned-observation,noisy_anomaly,8192,0.75,1.0,0.0,1.0,0.0,32.0,32.0,6.984375,0.0,0.0,0.0,0.802734,0.159875,0.864525,0.728571,0.271429,0.26464,32.0,1152.0
wpu-online-calibrated-observation,noisy_anomaly,8192,0.75,1.0,0.0,1.0,0.0,32.0,32.0,6.796875,0.0,0.0,0.0,0.957031,0.091281,0.917083,0.997768,0.002232,0.193234,32.0,1152.0
wpu-verified-online-observation,noisy_anomaly,8192,0.75,1.0,0.0,1.0,0.0,32.0,32.0,6.796875,0.0,0.0,0.0,0.957031,0.091281,0.917083,0.997768,0.002232,0.193234,32.0,1152.0
wpu-value-budget-online-observation,noisy_anomaly,8192,0.75,1.0,0.0,1.0,0.0,32.0,32.0,6.796875,0.0,0.0,0.0,0.957031,0.091281,0.917083,0.997768,0.002232,0.193234,32.0,1152.0
wpu-sequential-online-observation,noisy_anomaly,8192,0.75,1.0,0.0,1.0,0.0,32.0,32.0,6.140625,0.78125,0.0,0.0,0.960938,0.088979,0.918926,1.0,0.0,0.181089,32.0,1152.0
wpu-composed-online-observation,noisy_anomaly,8192,0.75,1.0,0.0,1.0,0.0,32.0,32.0,6.140625,0.78125,0.0,0.0,0.960938,0.088979,0.918926,1.0,0.0,0.181089,32.0,1152.0
wpu-learned-composed-online-observation,noisy_anomaly,8192,0.75,1.0,0.0,1.0,0.0,32.0,32.0,6.140625,0.78125,0.0,0.0,0.960938,0.088979,0.918926,1.0,0.0,0.181089,32.0,1152.0
wpu-labeled-calibrated-observation,noisy_anomaly,8192,0.75,1.248606,-0.230168,1.248606,-0.230168,32.0,32.0,5.453125,0.0,0.0,0.0,0.939453,0.098571,0.91115,0.968415,0.031585,0.180368,32.0,1152.0
wpu-hand-adaptive,noisy_anomaly,8192,0.75,1.0,0.0,1.0,0.0,32.0,32.0,4.671875,0.0,0.0,0.0,0.773438,0.173411,0.854212,0.642894,0.357106,0.243489,32.0,1152.0
dense-state-copy,noisy_anomaly,8192,0.75,1.0,0.0,1.0,0.0,8.0,8.0,0.0,0.0,0.0,0.0,1.0,0.0,1.0,0.0,0.0,0.0,8192.0,294912.0
wpu-learned-observation,weak_anomaly,128,0.0,1.0,0.0,1.0,0.0,24.0,24.0,0.0,0.0,0.0,0.0,1.0,0.051468,0.95109,0.0,0.0,0.051468,24.0,864.0
wpu-online-calibrated-observation,weak_anomaly,128,0.0,1.0,0.0,1.0,0.0,24.0,24.0,0.0,0.0,0.0,0.0,1.0,0.051468,0.95109,0.0,0.0,0.051468,24.0,864.0
wpu-verified-online-observation,weak_anomaly,128,0.0,1.0,0.0,1.0,0.0,24.0,24.0,0.0,0.0,0.0,0.0,1.0,0.051468,0.95109,0.0,0.0,0.051468,24.0,864.0
wpu-value-budget-online-observation,weak_anomaly,128,0.0,1.0,0.0,1.0,0.0,24.0,24.0,0.0,0.0,0.0,0.0,1.0,0.051468,0.95109,0.0,0.0,0.051468,24.0,864.0
wpu-sequential-online-observation,weak_anomaly,128,0.0,1.0,0.0,1.0,0.0,24.0,24.0,0.0,0.0,0.0,0.0,1.0,0.051468,0.95109,0.0,0.0,0.051468,24.0,864.0
wpu-composed-online-observation,weak_anomaly,128,0.0,1.0,0.0,1.0,0.0,24.0,24.0,0.0,0.0,0.0,0.0,1.0,0.051468,0.95109,0.0,0.0,0.051468,24.0,864.0
wpu-learned-composed-online-observation,weak_anomaly,128,0.0,1.0,0.0,1.0,0.0,24.0,24.0,0.0,0.0,0.0,0.0,1.0,0.051468,0.95109,0.0,0.0,0.051468,24.0,864.0
wpu-labeled-calibrated-observation,weak_anomaly,128,0.0,1.49879,-0.20565,1.49879,-0.20565,24.0,24.0,0.0,0.0,0.0,0.0,1.0,0.051468,0.95109,0.0,0.0,0.051468,24.0,864.0
wpu-hand-adaptive,weak_anomaly,128,0.0,1.0,0.0,1.0,0.0,24.0,24.0,0.0,0.0,0.0,0.0,1.0,0.051468,0.95109,0.0,0.0,0.051468,24.0,864.0
dense-state-copy,weak_anomaly,128,0.0,1.0,0.0,1.0,0.0,8.0,8.0,0.0,0.0,0.0,0.0,1.0,0.0,1.0,0.0,0.0,0.0,128.0,4608.0
wpu-learned-observation,weak_anomaly,128,0.25,1.0,0.0,1.0,0.0,31.125,32.0,0.921875,0.0,0.0,0.0,0.890625,0.119748,0.895024,0.513021,0.377604,0.133576,31.125,1120.5
wpu-online-calibrated-observation,weak_anomaly,128,0.25,1.0,0.0,1.024083,0.095333,31.125,32.0,1.15625,0.0,0.0,0.0,0.931641,0.101536,0.90926,0.666667,0.223958,0.11888,31.125,1120.5
wpu-verified-online-observation,weak_anomaly,128,0.25,1.0,0.0,1.0,0.0,31.125,32.0,1.6875,0.0,0.765625,0.030713,0.996094,0.071827,0.933198,0.878906,0.011719,0.09714,31.125,1120.5
wpu-value-budget-online-observation,weak_anomaly,128,0.25,1.0,0.0,1.024083,0.095333,31.125,32.0,1.15625,0.0,0.0,0.0,0.931641,0.101536,0.90926,0.666667,0.223958,0.11888,31.125,1120.5
wpu-sequential-online-observation,weak_anomaly,128,0.25,1.0,0.0,1.024083,0.095333,31.125,32.0,1.15625,0.0,0.0,0.0,0.931641,0.101536,0.90926,0.666667,0.223958,0.11888,31.125,1120.5
wpu-composed-online-observation,weak_anomaly,128,0.25,1.0,0.0,1.007685,0.030667,31.125,32.0,1.5625,0.0,0.578125,0.023191,0.980469,0.078512,0.927779,0.825521,0.065104,0.101949,31.125,1120.5
wpu-learned-composed-online-observation,weak_anomaly,128,0.25,1.0,0.0,1.022039,0.087333,31.125,32.0,1.28125,0.0,0.125,0.005014,0.947266,0.094344,0.915223,0.717448,0.173177,0.113563,31.125,1120.5
wpu-labeled-calibrated-observation,weak_anomaly,128,0.25,1.49879,-0.20565,1.49879,-0.20565,24.25,32.0,0.046875,0.0,0.0,0.0,0.792969,0.146766,0.873939,0.015625,0.875,0.14747,24.25,873.0
wpu-hand-adaptive,weak_anomaly,128,0.25,1.0,0.0,1.0,0.0,25.0,32.0,0.140625,0.0,0.0,0.0,0.804688,0.143375,0.876672,0.083333,0.807292,0.145485,25.0,900.0
dense-state-copy,weak_anomaly,128,0.25,1.0,0.0,1.0,0.0,8.0,8.0,0.0,0.0,0.0,0.0,1.0,0.0,1.0,0.0,0.0,0.0,128.0,4608.0
wpu-learned-observation,weak_anomaly,128,0.5,1.0,0.0,1.0,0.0,31.875,32.0,1.03125,0.0,0.0,0.0,0.746094,0.189177,0.84418,0.377083,0.607292,0.204646,31.875,1147.5
wpu-online-calibrated-observation,weak_anomaly,128,0.5,1.0,0.0,1.020503,0.081333,31.875,32.0,2.046875,0.0,0.0,0.0,0.882812,0.125567,0.890431,0.710156,0.274219,0.156271,31.875,1147.5
wpu-verified-online-observation,weak_anomaly,128,0.5,1.0,0.0,1.0,0.0,31.875,32.0,2.484375,0.0,1.453125,0.058292,0.9375,0.09999,0.9105,0.876042,0.108333,0.137256,31.875,1147.5
wpu-value-budget-online-observation,weak_anomaly,128,0.5,1.0,0.0,1.020503,0.081333,31.875,32.0,2.046875,0.0,0.0,0.0,0.882812,0.125567,0.890431,0.710156,0.274219,0.156271,31.875,1147.5
wpu-sequential-online-observation,weak_anomaly,128,0.5,1.0,0.0,1.020503,0.081333,31.875,32.0,2.046875,0.0,0.0,0.0,0.882812,0.125567,0.890431,0.710156,0.274219,0.156271,31.875,1147.5
wpu-composed-online-observation,weak_anomaly,128,0.5,1.0,0.0,1.008183,0.032667,31.875,32.0,2.625,0.0,1.1875,0.047637,0.955078,0.091533,0.917371,0.898698,0.085677,0.130908,31.875,1147.5
wpu-learned-composed-online-observation,weak_anomaly,128,0.5,1.0,0.0,1.020503,0.081333,31.875,32.0,2.40625,0.0,0.359375,0.014416,0.927734,0.104516,0.907565,0.813021,0.171354,0.14061,31.875,1147.5
wpu-labeled-calibrated-observation,weak_anomaly,128,0.5,1.49879,-0.20565,1.49879,-0.20565,26.5,32.0,0.625,0.0,0.0,0.0,0.705078,0.190862,0.841806,0.139583,0.844792,0.200237,26.5,954.0
wpu-hand-adaptive,weak_anomaly,128,0.5,1.0,0.0,1.0,0.0,24.5,32.0,0.0625,0.0,0.0,0.0,0.634766,0.217969,0.824487,0.018229,0.966146,0.218906,24.5,882.0
dense-state-copy,weak_anomaly,128,0.5,1.0,0.0,1.0,0.0,8.0,8.0,0.0,0.0,0.0,0.0,1.0,0.0,1.0,0.0,0.0,0.0,128.0,4608.0
wpu-learned-observation,weak_anomaly,128,0.75,1.0,0.0,1.0,0.0,32.0,32.0,1.3125,0.0,0.0,0.0,0.626953,0.244491,0.80603,0.315402,0.684598,0.264178,32.0,1152.0
wpu-online-calibrated-observation,weak_anomaly,128,0.75,1.0,0.0,1.025105,0.099333,32.0,32.0,2.734375,0.0,0.0,0.0,0.808594,0.160012,0.863784,0.640327,0.359673,0.201028,32.0,1152.0
wpu-verified-online-observation,weak_anomaly,128,0.75,1.0,0.0,1.0,0.0,32.0,32.0,3.1875,0.0,1.875,0.075216,0.863281,0.135899,0.882405,0.787946,0.212054,0.183711,32.0,1152.0
wpu-value-budget-online-observation,weak_anomaly,128,0.75,1.0,0.0,1.025105,0.099333,32.0,32.0,2.734375,0.0,0.0,0.0,0.808594,0.160012,0.863784,0.640327,0.359673,0.201028,32.0,1152.0
wpu-sequential-online-observation,weak_anomaly,128,0.75,1.0,0.0,1.025105,0.099333,32.0,32.0,2.734375,0.0,0.0,0.0,0.808594,0.160012,0.863784,0.640327,0.359673,0.201028,32.0,1152.0
wpu-composed-online-observation,weak_anomaly,128,0.75,1.0,0.0,1.008183,0.032667,32.0,32.0,3.609375,0.0,1.671875,0.067067,0.917969,0.109319,0.903403,0.868415,0.131585,0.163459,32.0,1152.0
wpu-learned-composed-online-observation,weak_anomaly,128,0.75,1.0,0.0,1.021017,0.083333,32.0,32.0,3.375,0.0,0.6875,0.027579,0.888672,0.123195,0.893197,0.790662,0.209338,0.17382,32.0,1152.0
wpu-labeled-calibrated-observation,weak_anomaly,128,0.75,1.49879,-0.20565,1.49879,-0.20565,29.75,32.0,1.953125,0.0,0.0,0.0,0.710938,0.198663,0.835859,0.385119,0.614881,0.22796,29.75,1071.0
wpu-hand-adaptive,weak_anomaly,128,0.75,1.0,0.0,1.0,0.0,25.125,32.0,0.140625,0.0,0.0,0.0,0.484375,0.287908,0.779796,0.046763,0.953237,0.290017,25.125,904.5
dense-state-copy,weak_anomaly,128,0.75,1.0,0.0,1.0,0.0,8.0,8.0,0.0,0.0,0.0,0.0,1.0,0.0,1.0,0.0,0.0,0.0,128.0,4608.0
wpu-learned-observation,weak_anomaly,512,0.0,1.0,0.0,1.0,0.0,24.0,24.0,0.0,0.0,0.0,0.0,0.951172,0.075997,0.930377,0.0,0.0,0.075997,24.0,864.0
wpu-online-calibrated-observation,weak_anomaly,512,0.0,1.0,0.0,1.0,0.0,24.0,24.0,0.0,0.0,0.0,0.0,0.951172,0.075997,0.930377,0.0,0.0,0.075997,24.0,864.0
wpu-verified-online-observation,weak_anomaly,512,0.0,1.0,0.0,1.0,0.0,24.0,24.0,0.0,0.0,0.0,0.0,0.951172,0.075997,0.930377,0.0,0.0,0.075997,24.0,864.0
wpu-value-budget-online-observation,weak_anomaly,512,0.0,1.0,0.0,1.0,0.0,24.0,24.0,0.0,0.0,0.0,0.0,0.951172,0.075997,0.930377,0.0,0.0,0.075997,24.0,864.0
wpu-sequential-online-observation,weak_anomaly,512,0.0,1.0,0.0,1.0,0.0,24.0,24.0,0.0,0.0,0.0,0.0,0.951172,0.075997,0.930377,0.0,0.0,0.075997,24.0,864.0
wpu-composed-online-observation,weak_anomaly,512,0.0,1.0,0.0,1.0,0.0,24.0,24.0,0.0,0.0,0.0,0.0,0.951172,0.075997,0.930377,0.0,0.0,0.075997,24.0,864.0
wpu-learned-composed-online-observation,weak_anomaly,512,0.0,1.0,0.0,1.0,0.0,24.0,24.0,0.0,0.0,0.0,0.0,0.951172,0.075997,0.930377,0.0,0.0,0.075997,24.0,864.0
wpu-labeled-calibrated-observation,weak_anomaly,512,0.0,1.49879,-0.20565,1.49879,-0.20565,24.25,32.0,0.046875,0.0,0.0,0.0,0.951172,0.076581,0.929874,0.0,0.0,0.077284,24.25,873.0
wpu-hand-adaptive,weak_anomaly,512,0.0,1.0,0.0,1.0,0.0,24.0,24.0,0.0,0.0,0.0,0.0,0.951172,0.075997,0.930377,0.0,0.0,0.075997,24.0,864.0
dense-state-copy,weak_anomaly,512,0.0,1.0,0.0,1.0,0.0,8.0,8.0,0.0,0.0,0.0,0.0,1.0,0.0,1.0,0.0,0.0,0.0,512.0,18432.0
wpu-learned-observation,weak_anomaly,512,0.25,1.0,0.0,1.0,0.0,24.5,32.0,0.0625,0.0,0.0,0.0,0.767578,0.160894,0.864124,0.054688,0.820312,0.161832,24.5,882.0
wpu-online-calibrated-observation,weak_anomaly,512,0.25,1.0,0.0,1.029936,0.1188,29.5,32.0,3.046875,0.0,0.0,0.0,0.894531,0.115658,0.898676,0.609375,0.265625,0.161361,29.5,1062.0
wpu-verified-online-observation,weak_anomaly,512,0.25,1.0,0.0,1.031096,0.1232,29.5,32.0,2.609375,0.0,0.171875,0.006895,0.916016,0.105332,0.906216,0.648438,0.226562,0.144472,29.5,1062.0
wpu-value-budget-online-observation,weak_anomaly,512,0.25,1.0,0.0,1.029936,0.1188,29.5,32.0,3.046875,0.0,0.0,0.0,0.894531,0.115658,0.898676,0.609375,0.265625,0.161361,29.5,1062.0
wpu-sequential-online-observation,weak_anomaly,512,0.25,1.0,0.0,1.029936,0.1188,29.5,32.0,3.046875,0.0,0.0,0.0,0.894531,0.115658,0.898676,0.609375,0.265625,0.161361,29.5,1062.0
wpu-composed-online-observation,weak_anomaly,512,0.25,1.0,0.0,1.031096,0.1232,29.5,32.0,2.609375,0.0,0.171875,0.006895,0.916016,0.105332,0.906216,0.648438,0.226562,0.144472,29.5,1062.0
wpu-learned-composed-online-observation,weak_anomaly,512,0.25,1.0,0.0,1.029936,0.1188,29.5,32.0,3.0625,0.0,0.015625,0.000627,0.896484,0.114853,0.899343,0.617188,0.257812,0.16079,29.5,1062.0
wpu-labeled-calibrated-observation,weak_anomaly,512,0.25,1.49879,-0.20565,1.49879,-0.20565,27.0,32.0,0.65625,0.0,0.0,0.0,0.832031,0.137632,0.881089,0.272135,0.602865,0.147475,27.0,972.0
wpu-hand-adaptive,weak_anomaly,512,0.25,1.0,0.0,1.0,0.0,24.375,32.0,0.046875,0.0,0.0,0.0,0.765625,0.161986,0.86316,0.027344,0.847656,0.162689,24.375,877.5
dense-state-copy,weak_anomaly,512,0.25,1.0,0.0,1.0,0.0,8.0,8.0,0.0,0.0,0.0,0.0,1.0,0.0,1.0,0.0,0.0,0.0,512.0,18432.0
wpu-learned-observation,weak_anomaly,512,0.5,1.0,0.0,1.0,0.0,24.875,32.0,0.109375,0.0,0.0,0.0,0.552734,0.25536,0.799906,0.048177,0.936198,0.257001,24.875,895.5
wpu-online-calibrated-observation,weak_anomaly,512,0.5,1.0,0.0,1.035493,0.14,31.125,32.0,5.078125,0.0,0.0,0.0,0.919922,0.103298,0.90857,0.858854,0.125521,0.17947,31.125,1120.5
wpu-verified-online-observation,weak_anomaly,512,0.5,1.0,0.0,1.028295,0.112,30.625,32.0,3.125,0.0,0.453125,0.018177,0.914062,0.105068,0.907454,0.828125,0.15625,0.151943,30.625,1102.5
wpu-value-budget-online-observation,weak_anomaly,512,0.5,1.0,0.0,1.035493,0.14,31.125,32.0,5.078125,0.0,0.0,0.0,0.919922,0.103298,0.90857,0.858854,0.125521,0.17947,31.125,1120.5
wpu-sequential-online-observation,weak_anomaly,512,0.5,1.0,0.0,1.035493,0.14,31.125,32.0,5.078125,0.0,0.0,0.0,0.919922,0.103298,0.90857,0.858854,0.125521,0.17947,31.125,1120.5
wpu-composed-online-observation,weak_anomaly,512,0.5,1.0,0.0,1.028295,0.112,30.625,32.0,3.125,0.0,0.453125,0.018177,0.914062,0.105068,0.907454,0.828125,0.15625,0.151943,30.625,1102.5
wpu-learned-composed-online-observation,weak_anomaly,512,0.5,1.0,0.0,1.028295,0.112,30.625,32.0,3.125,0.0,0.453125,0.018177,0.914062,0.105068,0.907454,0.828125,0.15625,0.151943,30.625,1102.5
wpu-labeled-calibrated-observation,weak_anomaly,512,0.5,1.49879,-0.20565,1.49879,-0.20565,30.0,32.0,2.28125,0.0,0.0,0.0,0.820312,0.14616,0.874888,0.553646,0.430729,0.180378,30.0,1080.0
wpu-hand-adaptive,weak_anomaly,512,0.5,1.0,0.0,1.0,0.0,25.125,32.0,0.140625,0.0,0.0,0.0,0.556641,0.253697,0.800654,0.045312,0.939063,0.255807,25.125,904.5
dense-state-copy,weak_anomaly,512,0.5,1.0,0.0,1.0,0.0,8.0,8.0,0.0,0.0,0.0,0.0,1.0,0.0,1.0,0.0,0.0,0.0,512.0,18432.0
wpu-learned-observation,weak_anomaly,512,0.75,1.0,0.0,1.0,0.0,25.125,32.0,0.140625,0.0,0.0,0.0,0.451172,0.306307,0.768265,0.04349,0.95651,0.308417,25.125,904.5
wpu-online-calibrated-observation,weak_anomaly,512,0.75,1.0,0.0,1.029504,0.116667,31.375,32.0,3.8125,0.0,0.0,0.0,0.855469,0.135624,0.885119,0.778869,0.221131,0.192811,31.375,1129.5
wpu-verified-online-observation,weak_anomaly,512,0.75,1.0,0.0,1.028295,0.112,30.75,32.0,3.53125,0.0,0.9375,0.037608,0.873047,0.126206,0.893172,0.811644,0.188356,0.179175,30.75,1107.0
wpu-value-budget-online-observation,weak_anomaly,512,0.75,1.0,0.0,1.029504,0.116667,31.375,32.0,3.8125,0.0,0.0,0.0,0.855469,0.135624,0.885119,0.778869,0.221131,0.192811,31.375,1129.5
wpu-sequential-online-observation,weak_anomaly,512,0.75,1.0,0.0,1.029504,0.116667,31.375,32.0,3.8125,0.0,0.0,0.0,0.855469,0.135624,0.885119,0.778869,0.221131,0.192811,31.375,1129.5
wpu-composed-online-observation,weak_anomaly,512,0.75,1.0,0.0,1.028295,0.112,30.75,32.0,3.53125,0.0,0.9375,0.037608,0.873047,0.126206,0.893172,0.811644,0.188356,0.179175,30.75,1107.0
wpu-learned-composed-online-observation,weak_anomaly,512,0.75,1.0,0.0,1.034627,0.136571,31.125,32.0,4.28125,0.0,0.4375,0.01755,0.878906,0.124668,0.893347,0.814546,0.185454,0.188886,31.125,1120.5
wpu-labeled-calibrated-observation,weak_anomaly,512,0.75,1.49879,-0.20565,1.49879,-0.20565,31.625,32.0,3.84375,0.0,0.0,0.0,0.886719,0.12387,0.892406,0.803274,0.196726,0.181526,31.625,1138.5
wpu-hand-adaptive,weak_anomaly,512,0.75,1.0,0.0,1.0,0.0,25.375,32.0,0.171875,0.0,0.0,0.0,0.453125,0.305654,0.768361,0.041034,0.958966,0.308232,25.375,913.5
dense-state-copy,weak_anomaly,512,0.75,1.0,0.0,1.0,0.0,8.0,8.0,0.0,0.0,0.0,0.0,1.0,0.0,1.0,0.0,0.0,0.0,512.0,18432.0
wpu-learned-observation,weak_anomaly,2048,0.0,1.0,0.0,1.0,0.0,24.0,24.0,0.0,0.0,0.0,0.0,0.935547,0.081705,0.925736,0.0,0.0,0.081705,24.0,864.0
wpu-online-calibrated-observation,weak_anomaly,2048,0.0,1.0,0.0,1.0,0.0,24.0,24.0,0.0,0.0,0.0,0.0,0.935547,0.081705,0.925736,0.0,0.0,0.081705,24.0,864.0
wpu-verified-online-observation,weak_anomaly,2048,0.0,1.0,0.0,1.0,0.0,24.0,24.0,0.0,0.0,0.0,0.0,0.935547,0.081705,0.925736,0.0,0.0,0.081705,24.0,864.0
wpu-value-budget-online-observation,weak_anomaly,2048,0.0,1.0,0.0,1.0,0.0,24.0,24.0,0.0,0.0,0.0,0.0,0.935547,0.081705,0.925736,0.0,0.0,0.081705,24.0,864.0
wpu-sequential-online-observation,weak_anomaly,2048,0.0,1.0,0.0,1.0,0.0,24.0,24.0,0.0,0.0,0.0,0.0,0.935547,0.081705,0.925736,0.0,0.0,0.081705,24.0,864.0
wpu-composed-online-observation,weak_anomaly,2048,0.0,1.0,0.0,1.0,0.0,24.0,24.0,0.0,0.0,0.0,0.0,0.935547,0.081705,0.925736,0.0,0.0,0.081705,24.0,864.0
wpu-learned-composed-online-observation,weak_anomaly,2048,0.0,1.0,0.0,1.0,0.0,24.0,24.0,0.0,0.0,0.0,0.0,0.935547,0.081705,0.925736,0.0,0.0,0.081705,24.0,864.0
wpu-labeled-calibrated-observation,weak_anomaly,2048,0.0,1.49879,-0.20565,1.49879,-0.20565,24.5,32.0,0.125,0.0,0.0,0.0,0.943359,0.079604,0.927345,0.0,0.0,0.081479,24.5,882.0
wpu-hand-adaptive,weak_anomaly,2048,0.0,1.0,0.0,1.0,0.0,24.0,24.0,0.0,0.0,0.0,0.0,0.935547,0.081705,0.925736,0.0,0.0,0.081705,24.0,864.0
dense-state-copy,weak_anomaly,2048,0.0,1.0,0.0,1.0,0.0,8.0,8.0,0.0,0.0,0.0,0.0,1.0,0.0,1.0,0.0,0.0,0.0,2048.0,73728.0
wpu-learned-observation,weak_anomaly,2048,0.25,1.0,0.0,1.0,0.0,24.375,32.0,0.046875,0.0,0.0,0.0,0.785156,0.153143,0.869827,0.028646,0.815104,0.153846,24.375,877.5
wpu-online-calibrated-observation,weak_anomaly,2048,0.25,1.0,0.0,1.032499,0.1288,29.375,32.0,2.75,0.0,0.0,0.0,0.908203,0.109116,0.903782,0.53776,0.30599,0.150366,29.375,1057.5
wpu-verified-online-observation,weak_anomaly,2048,0.25,1.0,0.0,1.032499,0.1288,28.5,32.0,2.0,0.0,0.125,0.005014,0.900391,0.110038,0.902977,0.480469,0.363281,0.140038,28.5,1026.0
wpu-value-budget-online-observation,weak_anomaly,2048,0.25,1.0,0.0,1.032499,0.1288,29.375,32.0,2.75,0.0,0.0,0.0,0.908203,0.109116,0.903782,0.53776,0.30599,0.150366,29.375,1057.5
wpu-sequential-online-observation,weak_anomaly,2048,0.25,1.0,0.0,1.032499,0.1288,29.375,32.0,2.75,0.0,0.0,0.0,0.908203,0.109116,0.903782,0.53776,0.30599,0.150366,29.375,1057.5
wpu-composed-online-observation,weak_anomaly,2048,0.25,1.0,0.0,1.032499,0.1288,28.5,32.0,2.0,0.0,0.125,0.005014,0.900391,0.110038,0.902977,0.480469,0.363281,0.140038,28.5,1026.0
wpu-learned-composed-online-observation,weak_anomaly,2048,0.25,1.0,0.0,1.032499,0.1288,29.375,32.0,2.78125,0.0,0.03125,0.001254,0.912109,0.107033,0.905506,0.550781,0.292969,0.148752,29.375,1057.5
wpu-labeled-calibrated-observation,weak_anomaly,2048,0.25,1.49879,-0.20565,1.49879,-0.20565,26.625,32.0,0.703125,0.0,0.0,0.0,0.849609,0.129617,0.887143,0.216146,0.627604,0.140164,26.625,958.5
wpu-hand-adaptive,weak_anomaly,2048,0.25,1.0,0.0,1.0,0.0,24.375,32.0,0.046875,0.0,0.0,0.0,0.783203,0.154286,0.869021,0.018229,0.825521,0.154989,24.375,877.5
dense-state-copy,weak_anomaly,2048,0.25,1.0,0.0,1.0,0.0,8.0,8.0,0.0,0.0,0.0,0.0,1.0,0.0,1.0,0.0,0.0,0.0,2048.0,73728.0
wpu-learned-observation,weak_anomaly,2048,0.5,1.0,0.0,1.0,0.0,25.125,32.0,0.140625,0.0,0.0,0.0,0.583984,0.245011,0.806361,0.063802,0.936198,0.24712,25.125,904.5
wpu-online-calibrated-observation,weak_anomaly,2048,0.5,1.0,0.0,1.037059,0.146,31.25,32.0,4.375,0.0,0.0,0.0,0.898438,0.115751,0.898229,0.828906,0.171094,0.181376,31.25,1125.0
wpu-verified-online-observation,weak_anomaly,2048,0.5,1.0,0.0,1.028295,0.112,30.125,32.0,2.34375,0.0,0.765625,0.030713,0.857422,0.130347,0.887502,0.733073,0.266927,0.165504,30.125,1084.5
wpu-value-budget-online-observation,weak_anomaly,2048,0.5,1.0,0.0,1.037059,0.146,31.25,32.0,4.375,0.0,0.0,0.0,0.898438,0.115751,0.898229,0.828906,0.171094,0.181376,31.25,1125.0
wpu-sequential-online-observation,weak_anomaly,2048,0.5,1.0,0.0,1.037059,0.146,31.25,32.0,4.375,0.0,0.0,0.0,0.898438,0.115751,0.898229,0.828906,0.171094,0.181376,31.25,1125.0
wpu-composed-online-observation,weak_anomaly,2048,0.5,1.0,0.0,1.028295,0.112,30.25,32.0,2.359375,0.0,0.6875,0.027579,0.859375,0.129437,0.887866,0.731771,0.268229,0.164828,30.25,1089.0
wpu-learned-composed-online-observation,weak_anomaly,2048,0.5,1.0,0.0,1.025743,0.102,30.375,32.0,2.390625,0.0,0.609375,0.024445,0.871094,0.125148,0.891271,0.752344,0.247656,0.161007,30.375,1093.5
wpu-labeled-calibrated-observation,weak_anomaly,2048,0.5,1.49879,-0.20565,1.49879,-0.20565,29.625,32.0,2.265625,0.0,0.0,0.0,0.818359,0.147262,0.873757,0.569271,0.430729,0.181246,29.625,1066.5
wpu-hand-adaptive,weak_anomaly,2048,0.5,1.0,0.0,1.0,0.0,24.75,32.0,0.09375,0.0,0.0,0.0,0.576172,0.247735,0.804532,0.048177,0.951823,0.249141,24.75,891.0
dense-state-copy,weak_anomaly,2048,0.5,1.0,0.0,1.0,0.0,8.0,8.0,0.0,0.0,0.0,0.0,1.0,0.0,1.0,0.0,0.0,0.0,2048.0,73728.0
wpu-learned-observation,weak_anomaly,2048,0.75,1.0,0.0,1.0,0.0,24.625,32.0,0.078125,0.0,0.0,0.0,0.404297,0.322882,0.759684,0.025781,0.974219,0.324054,24.625,886.5
wpu-online-calibrated-observation,weak_anomaly,2048,0.75,1.0,0.0,1.03352,0.132286,31.375,32.0,4.953125,0.0,0.0,0.0,0.851562,0.136054,0.884988,0.831213,0.168787,0.210351,31.375,1129.5
wpu-verified-online-observation,weak_anomaly,2048,0.75,1.0,0.0,1.031086,0.122857,30.875,32.0,4.5,0.0,0.421875,0.016924,0.855469,0.132609,0.887329,0.823735,0.176265,0.200109,30.875,1111.5
wpu-value-budget-online-observation,weak_anomaly,2048,0.75,1.0,0.0,1.03352,0.132286,31.375,32.0,4.953125,0.0,0.0,0.0,0.851562,0.136054,0.884988,0.831213,0.168787,0.210351,31.375,1129.5
wpu-sequential-online-observation,weak_anomaly,2048,0.75,1.0,0.0,1.03352,0.132286,31.375,32.0,4.953125,0.0,0.0,0.0,0.851562,0.136054,0.884988,0.831213,0.168787,0.210351,31.375,1129.5
wpu-composed-online-observation,weak_anomaly,2048,0.75,1.0,0.0,1.026837,0.106286,30.875,32.0,3.46875,0.0,1.09375,0.043876,0.832031,0.142546,0.879804,0.783817,0.216183,0.194577,30.875,1111.5
wpu-learned-composed-online-observation,weak_anomaly,2048,0.75,1.0,0.0,1.035587,0.140286,31.25,32.0,5.125,0.0,0.125,0.005014,0.853516,0.134752,0.886066,0.825781,0.174219,0.211627,31.25,1125.0
wpu-labeled-calibrated-observation,weak_anomaly,2048,0.75,1.49879,-0.20565,1.49879,-0.20565,31.5,32.0,4.15625,0.0,0.0,0.0,0.888672,0.118334,0.895823,0.840067,0.159933,0.180678,31.5,1134.0
wpu-hand-adaptive,weak_anomaly,2048,0.75,1.0,0.0,1.0,0.0,25.125,32.0,0.140625,0.0,0.0,0.0,0.410156,0.322402,0.759471,0.030487,0.969513,0.324512,25.125,904.5
dense-state-copy,weak_anomaly,2048,0.75,1.0,0.0,1.0,0.0,8.0,8.0,0.0,0.0,0.0,0.0,1.0,0.0,1.0,0.0,0.0,0.0,2048.0,73728.0
wpu-learned-observation,weak_anomaly,8192,0.0,1.0,0.0,1.0,0.0,24.0,24.0,0.0,0.0,0.0,0.0,0.935547,0.086943,0.921289,0.0,0.0,0.086943,24.0,864.0
wpu-online-calibrated-observation,weak_anomaly,8192,0.0,1.0,0.0,1.0,0.0,24.0,24.0,0.0,0.0,0.0,0.0,0.935547,0.086943,0.921289,0.0,0.0,0.086943,24.0,864.0
wpu-verified-online-observation,weak_anomaly,8192,0.0,1.0,0.0,1.0,0.0,24.0,24.0,0.0,0.0,0.0,0.0,0.935547,0.086943,0.921289,0.0,0.0,0.086943,24.0,864.0
wpu-value-budget-online-observation,weak_anomaly,8192,0.0,1.0,0.0,1.0,0.0,24.0,24.0,0.0,0.0,0.0,0.0,0.935547,0.086943,0.921289,0.0,0.0,0.086943,24.0,864.0
wpu-sequential-online-observation,weak_anomaly,8192,0.0,1.0,0.0,1.0,0.0,24.0,24.0,0.0,0.0,0.0,0.0,0.935547,0.086943,0.921289,0.0,0.0,0.086943,24.0,864.0
wpu-composed-online-observation,weak_anomaly,8192,0.0,1.0,0.0,1.0,0.0,24.0,24.0,0.0,0.0,0.0,0.0,0.935547,0.086943,0.921289,0.0,0.0,0.086943,24.0,864.0
wpu-learned-composed-online-observation,weak_anomaly,8192,0.0,1.0,0.0,1.0,0.0,24.0,24.0,0.0,0.0,0.0,0.0,0.935547,0.086943,0.921289,0.0,0.0,0.086943,24.0,864.0
wpu-labeled-calibrated-observation,weak_anomaly,8192,0.0,1.49879,-0.20565,1.49879,-0.20565,24.5,32.0,0.09375,0.0,0.0,0.0,0.941406,0.085443,0.922495,0.0,0.0,0.08685,24.5,882.0
wpu-hand-adaptive,weak_anomaly,8192,0.0,1.0,0.0,1.0,0.0,24.0,24.0,0.0,0.0,0.0,0.0,0.935547,0.086943,0.921289,0.0,0.0,0.086943,24.0,864.0
dense-state-copy,weak_anomaly,8192,0.0,1.0,0.0,1.0,0.0,8.0,8.0,0.0,0.0,0.0,0.0,1.0,0.0,1.0,0.0,0.0,0.0,8192.0,294912.0
wpu-learned-observation,weak_anomaly,8192,0.25,1.0,0.0,1.0,0.0,25.125,32.0,0.140625,0.0,0.0,0.0,0.783203,0.154675,0.868946,0.095052,0.733073,0.156784,25.125,904.5
wpu-online-calibrated-observation,weak_anomaly,8192,0.25,1.0,0.0,1.029695,0.1176,29.625,32.0,2.4375,0.0,0.0,0.0,0.927734,0.10002,0.910399,0.608073,0.220052,0.136583,29.625,1066.5
wpu-verified-online-observation,weak_anomaly,8192,0.25,1.0,0.0,1.028295,0.112,28.375,32.0,1.5625,0.0,0.140625,0.005641,0.923828,0.099014,0.91133,0.546875,0.28125,0.122451,28.375,1021.5
wpu-value-budget-online-observation,weak_anomaly,8192,0.25,1.0,0.0,1.029695,0.1176,29.625,32.0,2.4375,0.0,0.0,0.0,0.927734,0.10002,0.910399,0.608073,0.220052,0.136583,29.625,1066.5
wpu-sequential-online-observation,weak_anomaly,8192,0.25,1.0,0.0,1.029695,0.1176,29.625,32.0,2.4375,0.0,0.0,0.0,0.927734,0.10002,0.910399,0.608073,0.220052,0.136583,29.625,1066.5
wpu-composed-online-observation,weak_anomaly,8192,0.25,1.0,0.0,1.028295,0.112,28.375,32.0,1.5625,0.0,0.140625,0.005641,0.923828,0.099014,0.91133,0.546875,0.28125,0.122451,28.375,1021.5
wpu-learned-composed-online-observation,weak_anomaly,8192,0.25,1.0,0.0,1.028295,0.112,28.375,32.0,1.5625,0.0,0.140625,0.005641,0.923828,0.099014,0.91133,0.546875,0.28125,0.122451,28.375,1021.5
wpu-labeled-calibrated-observation,weak_anomaly,8192,0.25,1.49879,-0.20565,1.49879,-0.20565,27.25,32.0,0.875,0.0,0.0,0.0,0.857422,0.125601,0.890404,0.315885,0.51224,0.138726,27.25,981.0
wpu-hand-adaptive,weak_anomaly,8192,0.25,1.0,0.0,1.0,0.0,24.875,32.0,0.109375,0.0,0.0,0.0,0.775391,0.157743,0.866523,0.063802,0.764323,0.159383,24.875,895.5
dense-state-copy,weak_anomaly,8192,0.25,1.0,0.0,1.0,0.0,8.0,8.0,0.0,0.0,0.0,0.0,1.0,0.0,1.0,0.0,0.0,0.0,8192.0,294912.0
wpu-learned-observation,weak_anomaly,8192,0.5,1.0,0.0,1.0,0.0,25.0,32.0,0.125,0.0,0.0,0.0,0.587891,0.240241,0.808888,0.058594,0.941406,0.242116,25.0,900.0
wpu-online-calibrated-observation,weak_anomaly,8192,0.5,1.0,0.0,1.036041,0.142,31.25,32.0,4.640625,0.0,0.0,0.0,0.914062,0.108936,0.904221,0.838021,0.161979,0.178545,31.25,1125.0
wpu-verified-online-observation,weak_anomaly,8192,0.5,1.0,0.0,1.021147,0.084,30.25,32.0,2.484375,0.0,0.984375,0.039488,0.886719,0.118093,0.897581,0.752344,0.247656,0.155359,30.25,1089.0
wpu-value-budget-online-observation,weak_anomaly,8192,0.5,1.0,0.0,1.036041,0.142,31.25,32.0,4.640625,0.0,0.0,0.0,0.914062,0.108936,0.904221,0.838021,0.161979,0.178545,31.25,1125.0
wpu-sequential-online-observation,weak_anomaly,8192,0.5,1.0,0.0,1.036041,0.142,31.25,32.0,4.640625,0.0,0.0,0.0,0.914062,0.108936,0.904221,0.838021,0.161979,0.178545,31.25,1125.0
wpu-composed-online-observation,weak_anomaly,8192,0.5,1.0,0.0,1.021147,0.084,30.25,32.0,2.484375,0.0,0.984375,0.039488,0.886719,0.118093,0.897581,0.752344,0.247656,0.155359,30.25,1089.0
wpu-learned-composed-online-observation,weak_anomaly,8192,0.5,1.0,0.0,1.036041,0.142,31.25,32.0,4.671875,0.0,0.03125,0.001254,0.917969,0.107363,0.905523,0.846354,0.153646,0.177441,31.25,1125.0
wpu-labeled-calibrated-observation,weak_anomaly,8192,0.5,1.49879,-0.20565,1.49879,-0.20565,30.75,32.0,2.375,0.0,0.0,0.0,0.84375,0.139959,0.879698,0.622396,0.377604,0.175584,30.75,1107.0
wpu-hand-adaptive,weak_anomaly,8192,0.5,1.0,0.0,1.0,0.0,24.875,32.0,0.109375,0.0,0.0,0.0,0.585938,0.240943,0.808364,0.040885,0.959115,0.242583,24.875,895.5
dense-state-copy,weak_anomaly,8192,0.5,1.0,0.0,1.0,0.0,8.0,8.0,0.0,0.0,0.0,0.0,1.0,0.0,1.0,0.0,0.0,0.0,8192.0,294912.0
wpu-learned-observation,weak_anomaly,8192,0.75,1.0,0.0,1.0,0.0,25.375,32.0,0.1875,0.0,0.0,0.0,0.394531,0.329829,0.755732,0.050149,0.934226,0.332641,25.375,913.5
wpu-online-calibrated-observation,weak_anomaly,8192,0.75,1.0,0.0,1.029148,0.115238,31.375,32.0,3.5,0.0,0.0,0.0,0.791016,0.163412,0.864687,0.725223,0.259152,0.215912,31.375,1129.5
wpu-verified-online-observation,weak_anomaly,8192,0.75,1.0,0.0,1.028295,0.112,30.625,32.0,3.65625,0.0,1.078125,0.043249,0.824219,0.145997,0.877805,0.755804,0.228571,0.20084,30.625,1102.5
wpu-value-budget-online-observation,weak_anomaly,8192,0.75,1.0,0.0,1.029148,0.115238,31.375,32.0,3.5,0.0,0.0,0.0,0.791016,0.163412,0.864687,0.725223,0.259152,0.215912,31.375,1129.5
wpu-sequential-online-observation,weak_anomaly,8192,0.75,1.0,0.0,1.029148,0.115238,31.375,32.0,3.5,0.0,0.0,0.0,0.791016,0.163412,0.864687,0.725223,0.259152,0.215912,31.375,1129.5
wpu-composed-online-observation,weak_anomaly,8192,0.75,1.0,0.0,1.026253,0.104,30.5,32.0,3.390625,0.0,1.078125,0.043249,0.800781,0.157044,0.870913,0.725372,0.259003,0.207904,30.5,1098.0
wpu-learned-composed-online-observation,weak_anomaly,8192,0.75,1.0,0.0,1.027094,0.107238,31.125,32.0,3.703125,0.0,0.9375,0.037608,0.84375,0.138584,0.883873,0.812314,0.172061,0.194131,31.125,1120.5
wpu-labeled-calibrated-observation,weak_anomaly,8192,0.75,1.49879,-0.20565,1.49879,-0.20565,31.5,32.0,4.109375,0.0,0.0,0.0,0.867188,0.129669,0.887483,0.806771,0.177604,0.19131,31.5,1134.0
wpu-hand-adaptive,weak_anomaly,8192,0.75,1.0,0.0,1.0,0.0,25.625,32.0,0.21875,0.0,0.0,0.0,0.400391,0.328275,0.756461,0.054204,0.930171,0.331556,25.625,922.5
dense-state-copy,weak_anomaly,8192,0.75,1.0,0.0,1.0,0.0,8.0,8.0,0.0,0.0,0.0,0.0,1.0,0.0,1.0,0.0,0.0,0.0,8192.0,294912.0
